theta,min_trace_separation,commutator_defect,mean_translation_defect,max_translation_defect,pearson_euclidean,spearman_manhattan,mds_2d_stress,positive_gram_planarity,separation_adjusted_score
0.01,0.004998979204204962,3.535691057951651e-07,3.387189193621963e-07,1.802609427600141e-06,0.9999999892473836,0.9548010287986628,8.121801542647457e-06,0.9999916672901384,0.24984749693334182
0.018324022346368714,0.009155731114856432,2.1751102034466303e-06,2.0836921588545904e-06,1.1088466591588177e-05,0.9999998787586498,0.9548010287986628,2.7266378304417204e-05,0.9999720262259492,0.4571632409464355
0.026648044692737433,0.013304709889974238,6.689194163833764e-06,6.407049177138536e-06,3.409250213359258e-05,0.9999994576077594,0.9548010287986628,5.765155165969377e-05,0.9999408549538908,0.6633230535158
0.034972067039106144,0.017442389626106204,1.5117696209727416e-05,1.4476857126426789e-05,7.702389320816388e-05,0.9999983906412482,0.9548010287986628,9.926095296218507e-05,0.9998981728346892,0.8678110899631456
0.04329608938547486,0.021565250176182372,2.868120911834493e-05,2.7457679098880572e-05,0.00014606691046522655,0.9999962181118988,0.9548010287986628,0.00015207222200731434,0.9998440062912792,1.0701216421440187
0.051620111731843575,0.025669778943165855,4.859845988183807e-05,4.651718451405111e-05,0.00024737311376218853,0.9999923551936182,0.9548010287986628,0.00021605706574608357,0.9997783887145322,1.2697620816558879
0.059944134078212294,0.029752472670503252,7.608603091883702e-05,7.280084976102509e-05,0.00038705366133608593,0.9999860913739875,0.9548010287986628,0.0002911813364862196,0.9997013603419048,1.4662556290396858
0.068268156424581,0.03380983922820607,0.00011235786108479099,0.000107441911151437,0.0005711716560713963,0.9999765897307792,0.9548010287986628,0.00037740512513179423,0.9996129681108081,1.6591439156828738
0.07659217877094972,0.03783839939390917,0.0001586248594992895,0.0001515970910300466,0.0008057345580239662,0.9999628861002025,0.9548010287986628,0.0004746828703754823,0.999513265487463,1.8479893096704008
0.08491620111731843,0.041834688628013705,0.00021609446152701212,0.00020640100170167354,0.0010966866614984666,0.9999438881461117,0.9548010287986628,0.0005829634831159612,0.999402312272121,2.0323769820799944
0.09324022346368714,0.04579525884208743,0.00028597021822276763,0.0002729679272681694,0.0014499016563217465,0.9999183743409465,0.9548010287986628,0.0007021904859666851,0.9992801743802302,2.211916695720844
0.10156424581005587,0.04971668015984579,0.00036945137924103633,0.0003524072781575334,0.0018711752805974913,0.9998849928708103,0.9548010287986628,0.0008323021677456692,0.9991469236007265,2.3862443040094954
0.10988826815642458,0.0535955426697231,0.0004677324744191251,0.00044581633991119736,0.0023662180687629842,0.9998422604787314,0.9548010287986628,0.0009732317517910639,0.9990026373323455,2.5550229534799294
0.11821229050279329,0.05742845816840599,0.0005820029012265383,0.0005542792438686155,0.0029406482105121747,0.9997885612619474,0.9548010287986628,0.0011249075782572783,0.9988473982983714,2.7179439888663968
0.12653631284916203,0.06121206189442064,0.0007134465075115511,0.0006788659507964396,0.003599984526951236,0.9997221454408647,0.9548010287986628,0.0012872532996489124,0.9986812942407592,2.8747275650146222
0.13486033519553073,0.06494301425099008,0.0008632411803417868,0.0008206312489640192,0.0043496395721445485,0.9996411281192595,0.9548010287986628,0.0014601880888514321,0.998504417594711,3.0251229747166417
0.14318435754189945,0.0686180025174644,0.0010325584366953436,0.0009806194311130663,0.005194912871756038,0.9995434880573216,0.9548010287986628,0.0016436268595412167,0.9983168651442899,3.1689087057790037
0.15150837988826818,0.07223374254839454,0.0012225630120827572,0.0011598350089698085,0.006140984303945834,0.999427066481167,0.9548010287986628,0.0018374804978624985,0.998118737660396,3.3058922444447814
0.15983240223463688,0.07578698045966613,0.001434412456680017,0.0013592983915879323,0.007192907635120476,0.9992895659546603,0.9548010287986628,0.0020416561052146827,0.997910139521828,3.435909645221119
0.1681564245810056,0.07927449430068696,0.0016692567284014256,0.0015799883204649105,0.008355604214246738,0.9991285493415817,0.9548010287986628,0.0022560572509672376,0.9976911783208793,3.558824889659673
0.1764804469273743,0.08269309571205827,0.0019282377912918293,0.0018228729953984734,0.009633856837781767,0.9989414388884746,0.9548010287986628,0.0024805842349309537,0.9974619644541811,3.6745290582079724
0.18480446927374303,0.08603963156790499,0.002212489215609964,0.002088892855530786,0.011032303791189184,0.9987255154608679,0.9548010287986628,0.002715134358549497,0.997222610700236,3.782939340412787
0.19312849162011175,0.08931098560208373,0.0025231357797062775,0.002378957134184409,0.012555433075202179,0.9984779179679188,0.9548010287986628,0.0029596022042321702,0.9969732317846612,3.883997909127258
0.20145251396648045,0.09250408001755783,0.0028612930757373816,0.0026939891294530866,0.014207576824360892,0.9981956430129413,0.9548010287986628,0.003213879922073456,0.9967139439343884,3.9776706842808203
0.20977653631284918,0.09561587707816804,0.003228067115788587,0.003034850693423014,0.015992905924807687,0.9978755448096427,0.9548010287986628,0.0034778575231600487,0.996444864422114,4.063946011159986
0.2181005586592179,0.09864338068214254,0.0036245539435061772,0.003402397696687575,0.017915424839179298,0.9975143354062765,0.9548010287986628,0.0037514231788703905,0.9961661111020621,4.142833277077569
0.2264245810055866,0.10158363791651917,0.0040518392467151585,0.003797457961794292,0.01997896664440447,0.9971085852621535,0.9548010287986628,0.004034463525265544,0.9958778019385236,4.214361488961264
0.23474860335195533,0.1044337405918682,0.004510997973666131,0.004220811882237516,0.022187188289687423,0.9966547242231637,0.9548010287986628,0.004326863971937423,0.9955800545282314,4.278577832689398
0.24307262569832405,0.10719082675655091,0.005003093952945583,0.00467326548757446,0.02454356608061854,0.9961490429449562,0.9548010287986628,0.00462850901453999,0.9952729856179864,4.33554623314704
0.25139664804469275,0.10985208218980992,0.005529179515412456,0.005155561478253937,0.02705139139541973,0.9955876948142619,0.9548010287986628,0.004939282550248217,0.9949567106187391,4.3853459319667225
0.25972067039106145,0.11241474187305368,0.006090295120539468,0.005668396409913973,0.02971376663911364,0.9949666984203852,0.9548010287986628,0.005259068195482629,0.9946313431173687,4.42807009781997
0.2680446927374302,0.1148760914386421,0.006687468985974166,0.006212497779806041,0.032533601441363864,0.9942819406301795,0.9548010287986628,0.005587749605221369,0.9942969943873978,4.463824482021495
0.2763687150837989,0.11723346859546205,0.0073217167201206235,0.0067884768838419205,0.035513609102383825,0.9935291803206417,0.9548010287986628,0.005925210793114357,0.9939537729000025,4.492726130147046
0.2846927374301676,0.11948426453072766,0.007994040959492124,0.007397027514775414,0.03865630329274638,0.9927040528237351,0.9548010287986628,0.006271336451925196,0.9936017838363185,4.514902158303581
0.29301675977653635,0.12162592528721426,0.008705431008271768,0.00803868844011527,0.041963995010614194,0.9918020751378868,0.9548010287986628,0.006626012273455285,0.9932411286025702,4.530488600829093
0.30134078212290505,0.12365595311550243,0.00945686248361676,0.008714079253809204,0.04543878980170751,0.9908186519599641,0.9548010287986628,0.006989125267644223,0.9928719043488088,4.5396293343234015
0.30966480446927375,0.1255719078003735,0.010249296963367684,0.009423724243360207,0.049082585244914254,0.9897490825900807,0.9548010287986628,0.00736056408000585,0.9924942034928407,4.542475081328049
0.3179888268156425,0.12737140796092805,0.01108368163865827,0.010168131997101308,0.05289706870790913,0.9885885687594645,0.9548010287986628,0.007740219307094838,0.9921081132501779,4.539182495387373
0.3263128491620112,0.12905213232372476,0.011960948970624538,0.010947791677442706,0.0568837153756382,0.9873322234286097,0.9548010287986628,0.008127983809455256,0.9917137151712524,4.529913327899273
0.3346368715083799,0.13061182096838414,0.012882016351259417,0.011763111510773359,0.06104378655473406,0.9859750805989937,0.9306010027231206,0.008523753021612285,0.991311084686995,4.514833675950988
0.3429608938547486,0.13204827654510284,0.013847785768858093,0.012614547397536499,0.06537832825660221,0.9845121061767302,0.9306010027231206,0.008927425258798052,0.9909002906637361,4.494113309268237
0.35128491620111735,0.1333593654634441,0.014859143477646731,0.013502432929383053,0.06988817006110486,0.9829382099205164,0.9306010027231206,0.009338902020006612,0.9904813949685931,4.467925073521348
0.35960893854748605,0.13454301905194238,0.015916959672404436,0.014427142507717738,0.07457392426317111,0.9812482584991171,0.9306010027231206,0.009758088287196664,0.9900544520461786,4.436444366445854
0.36793296089385474,0.13559723468790322,0.017022088167478546,0.015388979778689332,0.07943598530361447,0.9794370896753511,0.9306010027231206,0.010184892820366219,0.9896195085077275,4.3998486826210375
0.3762569832402235,0.13652007689693743,0.018175366080690973,0.01638822782813375,0.08447452948552676,0.9774995276240331,0.9306010027231206,0.010619228448402575,0.989176602733473,4.358317222226254
0.3845810055865922,0.13730967842164093,0.019377613522025588,0.017425107373825795,0.08968951497703385,0.9754303993806621,0.9306010027231206,0.011061012355568256,0.9887257644892354,4.312030558709108
0.3929050279329609,0.13796424125904377,0.020629633287505764,0.01849984631896118,0.09508068210110265,0.973224552405743,0.9306010027231206,0.011510166363680427,0.98826701455802,4.261170359991964
0.40122905027932965,0.13848203766618467,0.02193221055792948,0.019612611151584445,0.10064755391230233,0.9708768732366169,0.9306010027231206,0.011966617209935254,0.9878003643875346,4.205919157657817
0.40955307262569834,0.1388614111334772,0.023286112602730627,0.02076354046824054,0.1063894370605535,0.9683823071845439,0.9306010027231206,0.01243029682055229,0.9873258157543721,4.1464601584256515
0.41787709497206704,0.13910077732533546,0.024692088489271933,0.02195273819353349,0.11230542294119382,0.9657358790197479,0.9306010027231206,0.012901142580410327,0.9868433604456535,4.08297709218759
0.4262011173184358,0.13919862498765503,0.026150868797241853,0.023180273557789913,0.11839438913049298,0.9629327145711687,0.9306010027231206,0.013379097598898507,0.9863529799588909,4.015654090911073
0.4345251396648045,0.13915351682167598,0.027663165338630783,0.02444619031640023,0.12465500110527425,0.9599680631511418,0.9306010027231206,0.013864110972322319,0.9858546452207813,3.944675592787703
0.4428491620111732,0.13896409032387297,0.029229670883029815,0.025750460763864197,0.13108571424508125,0.9568373206982016,0.9306010027231206,0.014356138043245781,0.9853483163256351,3.870226266159093
0.45117318435754195,0.1386290585914406,0.03085105888870603,0.027093089360366553,0.1376847761148557,0.9535360535139973,0.9306010027231206,0.01485514065724201,0.9848339422941081,3.7924909479364763
0.45949720670391064,0.13814721109297856,0.032527983239073535,0.02847397114790313,0.14445022902570684,0.9500600224532078,0.9306010027231206,0.01536108741754387,0.9843114608529209,3.711654591474086
0.46782122905027934,0.13751741440405682,0.03426107798513117,0.029893018187456228,0.15137991287116265,0.9464052074086629,0.9245509962042351,0.01587395393824224,0.9837807982361604,3.6279022191260415
0.4761452513966481,0.1367386129072522,0.03605095709353776,0.03135009208724215,0.15847146823570368,0.9425678319179372,0.9245509962042351,0.016393723096652667,0.9832418690088311,3.5414188750397204
0.4844692737430168,0.1358098294563868,0.03789821420066957,0.03284502648646681,0.1657223397722204,0.9385443877028901,0.9245509962042351,0.01692038528561794,0.9826945759132164,3.4523895740825585
0.4927932960893855,0.13473016600455565,0.03980342237254038,0.034377623672424765,0.17312977984451033,0.9343316589403627,0.9245509962042351,0.017453938666507497,0.9821388097386835,3.360999243182807
0.5011173184357541,0.13349880419575016,0.0417671338708275,0.03594761092874438,0.18069085243073815,0.9299267460508832,0.9245509962042351,0.017994389423818643,0.9815744492154735,3.2674326517696883
0.5094413407821229,0.13211500591971545,0.043789879924983684,0.03755476489679727,0.18840243728331385,0.9253270887831672,0.9245509962042351,0.018541752022279784,0.9810013609330426,3.1718743284319952
0.5177653631284916,0.1305781138297568,0.045872170510417,0.03919873736828094,0.19626123434027612,0.9205304883658086,0.8959509653876854,0.0190960494674267,0.980419399283556,3.0745084613661295
0.5260893854748604,0.1288875518233279,0.048014494133042276,0.04087920938102808,0.2042637683830611,0.9155351284942299,0.8959509653876854,0.019657313570741436,0.9798284064309929,2.9755187806502508
0.534413407821229,0.12704282548507523,0.05021731762001705,0.042595822596160425,0.21240639393503122,0.9103395949208803,0.8959509653876854,0.0202255852204051,0.9792282123064651,2.8750884208645644
0.5427374301675978,0.12504352249213035,0.05248108591687891,0.044348169770728224,0.22068530039486367,0.9049428934202256,0.8959509653876854,0.020800914658842734,0.978618634630235,2.7733997630604845
0.5510614525139665,0.12288931298151715,0.05480622189112028,0.04613583393622591,0.22909651739860085,0.8993444659073869,0.8959509653876854,0.02138336176826405,0.9779994789609272,2.6706342555728124
0.5593854748603352,0.12057994987934978,0.05719312614215613,0.04795831392650668,0.23763592040371623,0.8935442045004305,0.8888009576835479,0.02197299636542882,0.9773705387724594,2.5669722136489788
0.5677094972067039,0.11811526919183506,0.05964217681798874,0.049815169285366966,0.24629923648837468,0.8875424633314309,0.8888009576835479,0.022569898506986083,0.9767315955591022,2.4625925983444024
0.5760335195530727,0.11549519025771222,0.06215372943825611,0.05170584739710368,0.25508205035852594,0.8813400679302775,0.8888009576835479,0.023174158806648845,0.9760824189692178,2.3576727755880817
0.5843575418994413,0.11271971596217836,0.06472811672412182,0.053629800144362715,0.2639798105553822,0.8749383220278313,0.8888009576835479,0.02378587876566573,0.9754227669680109,2.2523882567531386
0.5926815642458101,0.10978893291206718,0.06736564843473075,0.05558646873703701,0.27298783585531167,0.8683390116509712,0.8888009576835479,0.024405171117959947,0.9747523860297677,2.146912422470561
0.6010055865921788,0.10670301157221593,0.07006661121046923,0.05757523647796495,0.28210132185397396,0.8615444064111262,0.8888009576835479,0.025032160191407735,0.9740710113599397,2.0414162317890465
0.6093296089385475,0.10346220636292591,0.07283126842301732,0.05959547586178834,0.2913153477261773,0.8545572579194977,0.8888009576835479,0.02566698228675481,0.973378367147415,1.9360679191067711
0.6176536312849162,0.10006685571848231,0.0756598600322388,0.061646544885675086,0.30062488315264513,0.8473807952958916,0.8888009576835479,0.026309786075700173,0.9726741668472855,1.8310326815778697
0.625977653631285,0.09651738210657239,0.07855260244993177,0.0637277192878969,0.310024795404512,0.8400187177731802,0.8888009576835479,0.02696073301968695,0.9719581134943943,1.7264723599181904
0.6343016759776536,0.09281429200877507,0.08150968841059131,0.06583834783410607,0.3195098565762176,0.832475184435484,0.8888009576835479,0.02761999781105493,0.9712299000478221,1.6225451157059223
0.6426256983240224,0.08895817586182128,0.08453128684901964,0.06797764728190701,0.3290747509569655,0.8247548011641018,0.8888009576835479,0.02828776883811547,0.97048920976655,1.5194051083785998
0.6509497206703911,0.08494970795992812,0.08761754278507558,0.07014488990391848,0.3387140825308535,0.8168626049008801,0.8646009316080057,0.028964248675903914,0.9697357166162921,1.4172021751834811
0.6592737430167598,0.08078964631796454,0.09076857721537067,0.07233930486289071,0.34842238259529695,0.8088040453727584,0.8646009316080057,0.029649654604263474,0.9689690857076051,1.3160815173242517
0.6675977653631285,0.07647883249566761,0.09398448701209684,0.0745600884539888,0.358194117487235,0.800584964453579,0.8646009316080057,0.030344219155064956,0.9681889737651527,1.2161833954839552
0.6759217877094972,0.07201819138283728,0.09726534482895248,0.0768064232557394,0.3680236964062521,0.7922115733687979,0.8646009316080057,0.031048190690362843,0.9673950296280031,1.1176428377772774
0.6842458100558659,0.06740873094568725,0.10061119901421998,0.07907748857148424,0.37790547932354157,0.7836904279752129,0.8646009316080057,0.031761834013365436,0.9665868947807009,1.0205893630131226
0.6925698324022347,0.06265154193429967,0.10402207353099702,0.08137237990138389,0.3878337849653076,0.7750284023705684,0.8646009316080057,0.03248543101414762,0.9657642039147764,0.9251467219218283
0.7008938547486033,0.05774779755151901,0.10749796788467761,0.0836902739466815,0.3978028988590519,0.7662326611066745,0.8646009316080057,0.03321928135213167,0.9649265855201822,0.8314326587421604
0.7092178770949721,0.05269875308306279,0.11103885705757756,0.086030272470608,0.407807081430793,0.7573106302938448,0.8646009316080057,0.03396370317736441,0.964073662506137,0.7395586952560054
0.7175418994413408,0.04750574548934529,0.11464469145087818,0.08839143712480313,0.4178405761412003,0.7482699678944612,0.8646009316080057,0.034719033892781366,0.963205052850583,0.649629939040358
0.7258659217877095,0.04217019295898023,0.11831539683382421,0.09077289677912481,0.4278976176482473,0.7391185335084495,0.8646009316080057,0.035485630959643036,0.9623203702774199,0.5617449173513072
0.7341899441340782,0.036693594424021,0.12205087430015386,0.09317366020823649,0.43797243998381546,0.7298643579539742,0.8646009316080057,0.03626387274838635,0.9614192249605272,0.47599543769549185
0.742513966480447,0.031077529037526874,0.1258510002319207,0.09559282120330842,0.4480592847314933,0.7205156129428996,0.8646009316080057,0.03705415943722224,0.9605012242533392,0.3924664757853913
0.7508379888268156,0.025323655613166404,0.1297156262705509,0.09802940835421865,0.4581524091925095,0.7110805811420395,0.8646009316080057,0.0378569139606859,0.959565973442711,0.3112360912005643
0.7591620111731844,0.019433712027472447,0.13364457929529014,0.10048244943884184,0.46824609452663507,0.701567626899333,0.8646009316080057,0.03867258301036561,0.958613076525506,0.2323753707340643
0.7674860335195531,0.01340951458472985,0.1376376614089363,0.10295096346794023,0.4783346538545927,0.6919851678979495,0.8646009316080057,0.03950163808974688,0.9576421370062569,0.15594839905665128
0.7758100558659218,0.0072529573449567385,0.14169464993097636,0.10543396044745372,0.4884124403084119,0.6823416479825393,0.8646009316080057,0.040344576624825663,0.95665275871401,0.08201225601885878
0.7841340782122905,0.0009660114156481096,0.14581529739804136,0.10793045989489025,0.49847385501590025,0.6726455113798318,0.8646009316080057,0.04120192313150769,0.9556445466363127,0.010617039619509269
0.7924581005586593,0.005449275796143471,0.14999933157171885,0.11043940430664412,0.5085133550052827,0.6699031837548396,0.49610053454861397,0.04207423043994489,0.9546171077680997,0.05880841661865539
0.8007821229050279,0.01199078135994294,0.15424645545375926,0.11295984352130546,0.5185254610158917,0.6682394620714314,0.49610053454861397,0.04296208097463022,0.9535700519730101,0.1272625231210677
0.8091061452513967,0.018656307644031932,0.15855634730859355,0.11549073300349122,0.5285047652005854,0.6663827576723854,0.49610053454861397,0.043866088087069745,0.9525029928545742,0.19466108083628533
0.8174301675977654,0.025443583165819288,0.16292866069325387,0.11803103660868908,0.5384459387055114,0.6643251400996771,0.49610053454861397,0.04478689743518832,0.9514155486343846,0.2608986171652989
0.8257541899441341,0.032350263479998635,0.16736302449462465,0.12057976431747035,0.548343739112626,0.6620588471999163,0.49610053454861397,0.04572518839969641,0.950307343034281,0.3258686459129325
0.8340782122905028,0.039373932101015516,0.1718590429740451,0.12313587766884426,0.5581930177302988,0.6595763506686663,0.49610053454861397,0.046681675522385946,0.949178006159371,0.3894640355571921
0.8424022346368716,0.04651210146004071,0.17641629581925825,0.12569835093891676,0.567988726717222,0.6568704270155895,0.49610053454861397,0.04765710994413965,0.948027175378499,0.4515774317388762
0.8507262569832402,0.053762213895778614,0.18103433820367754,0.1282661584387401,0.5777259260247457,0.6539342336842711,0.49610053454861397,0.04865228081075561,0.9468544961986485,0.5121017354400539
0.859050279329609,0.06112164267894855,0.18571270085298838,0.13083828663752928,0.5873997901426996,0.6507613899082341,0.49610053454861397,0.04966801660186176,0.9456596231295858,0.5709306376631378
0.8673743016759777,0.06858769306969349,0.19045089011902655,0.13341367940873008,0.5970056146336787,0.6473460617102459,0.49610053454861397,0.05070518632128788,0.9444422205349159,0.6279592106398182
0.8756983240223464,0.07615760340792457,0.1952483880609714,0.135991350430782,0.606538822440785,0.6436830502557059,0.49610053454861397,0.051764700465320924,0.9432019634655631,0.683084554717343
0.8840223463687151,0.0838285462356292,0.20010465253377988,0.1385702739272996,0.6159949699537289,0.639767882552085,0.49610053454861397,0.05284751165689899,0.941938538471629,0.7362064990659014
0.8923463687150839,0.09159762945107269,0.20501911728388406,0.1411494351083752,0.6253697528182727,0.6355969032465191,0.49610053454861397,0.053954614797869935,0.9406516443884119,0.7872283532670202
0.9006703910614525,0.09946189749420688,0.2099911920521084,0.14372783937968953,0.6346590114739901,0.6311673660134525,0.49610053454861397,0.05508704654620169,0.939340993092338,0.8360577056588754
0.9089944134078213,0.10741833256280514,0.21502026268377522,0.14630446569599329,0.6438587364053733,0.626477522746449,0.49610053454861397,0.05624588386917665,0.9380063102224967,0.8826072630617807
0.91731843575419,0.11546385585887642,0.22010569124600723,0.14887834388872304,0.6529650730914447,0.6215267084764718,0.49610053454861397,0.0574322413558357,0.9366473358633928,0.9267957251835477
0.9256424581005587,0.12359532886472101,0.22524681615213601,0.15144848403260858,0.6619743266390995,0.6163154196381926,0.49610053454861397,0.05864726689151517,0.9352638251845767,0.96854868560981
0.9339664804469274,0.13180955464819855,0.23044295229326558,0.15401391912193987,0.6708829660856167,0.610845383004149,0.49610053454861397,0.05989213520479102,0.9338555490327717,1.007799549809213
0.9422905027932962,0.14010327919654658,0.23569339117687607,0.15657366523708416,0.6796876283559296,0.605119612314282,0.49610053454861397,0.06116803869475168,0.9324222944721922,1.0444904589872233
0.9506145251396648,0.14847319277828713,0.24099740107250217,0.15912678955776127,0.6883851218605133,0.59914244936088,0.49610053454861397,0.06247617483984398,0.9309638652687826,1.0785732068485603
0.9589385474860336,0.15691593133252618,0.24635422716440142,0.16167235865433416,0.6969724297200052,0.5929195860666321,0.5032505422527513,0.06381772938847197,0.9294800823142377,1.11001013427283
0.9672625698324022,0.16542807788512057,0.25176309171119565,0.16420941533629466,0.7054467126030208,0.5864580639442255,0.4972005357338659,0.06519385445286596,0.9279707839857451,1.1387749844350266
0.975586592178771,0.1740061639911279,0.2572231942124441,0.16673704971814182,0.7138053111640141,0.5797662472857326,0.46860050491731603,0.06660564059665998,0.9264358264375528,1.1648536978273054
0.9839106145251397,0.18264667120283593,0.2627337115821028,0.1692543712767491,0.7220457480684445,0.5728537665443585,0.46860050491731603,0.0680540820594814,0.9248750838206659,1.1882451227491657
0.9922346368715084,0.19134603256281407,0.2682937983288158,0.1717604796386306,0.7301657295930394,0.5657314286945302,0.46860050491731603,0.06954003444739343,0.9232884484271465,1.2089616119188586
1.000558659217877,0.20010063412131207,0.2739025867430084,0.1742545091281659,0.7381631467894917,0.5584110919498982,0.46860050491731603,0.0710641645967838,0.9216758307557305,1.2270294697624153
1.0088826815642458,0.20890681647737366,0.2795591870907252,0.1767356118422331,0.7460360762005563,0.550905503145405,0.46860050491731603,0.07262689296005587,0.92003715949575,1.2424892076602685
1.0172067039106145,0.21776087634296296,0.2852626878141547,0.17920293225216377,0.7537827801182178,0.5432280974038565,0.46860050491731603,0.0742283298304747,0.9183723814266148,1.2553955562791521
1.0255307262569833,0.22665906812948391,0.2910121557388108,0.18165563580239297,0.7614017063743862,0.5353927614425636,0.46860050491731603,0.0758682080658779,0.9166814612304092,1.265817175892692
1.033854748603352,0.2355976055559711,0.2968066362872892,0.1840929371005,0.7688914876554203,0.5274135640248215,0.46860050491731603,0.07754581667982038,0.9149643812155008,1.2738359988296077
1.0421787709497208,0.24457266327824695,0.302645153699562,0.18651400831284057,0.776250940332725,0.5193044595580181,0.46860050491731603,0.07925994164422205,0.9132211409494163,1.2795461353544764
1.0505027932960895,0.24927859072508401,0.30852671125974945,0.1889181144898441,0.7834790628027111,0.5110789735414226,0.4070004385432088,0.08100882224967666,0.9114517567995555,1.261286325650987
1.058826815642458,0.24741036035626476,0.3144502915292967,0.1913044836206742,0.7905750333304972,0.5027498812421809,0.4070004385432088,0.08279013297983961,0.9096562613807826,1.2100921137206155
1.0671508379888268,0.24546856646176501,0.3204148565865118,0.1936723743571943,0.7975382073929711,0.49432889331878777,0.4070004385432088,0.08460100147593887,0.9078347029092423,1.1600482126502936
1.0754748603351956,0.24345326316831414,0.32641934827238994,0.1960210738563417,0.8043681145181185,0.48582636375787425,0.4070004385432088,0.08643807208567572,0.9059871444622324,1.11121905228466
1.0837988826815643,0.24136451667313866,0.33246268844265947,0.19834988711848714,0.8110644546189363,0.47725103608651354,0.4070004385432088,0.08829762106052523,0.9041136631443468,1.0636564730484517
1.092122905027933,0.23920240523793798,0.3385437792259889,0.20065811732643765,0.8176270938217471,0.4686098430864116,0.4070004385432088,0.09017572338894869,0.9022143491605532,1.0173983717694923
1.1004469273743016,0.2369670191809745,0.3446615032882778,0.20294510970013177,0.8240560597903367,0.45990777303580715,0.43560046935975855,0.09206846292094713,0.9002893047972924,0.9724678222037518
1.1087709497206704,0.23465846086726075,0.35081472410297054,0.20521021432949246,0.8303515365490263,0.4511478119142842,0.43560046935975855,0.09397216817524923,0.8983386433131577,0.9288728367846273
1.1170949720670391,0.23227684469687127,0.35700228622731256,0.20745282196421858,0.8365138588095898,0.442330966326407,0.43560046935975855,0.09588364822459329,0.8963624877411368,0.8866068918618257
1.1254189944134079,0.22982229709135288,0.36322301558447406,0.20967232051682547,0.8425435058088157,0.4334563666281122,0.4268004598777433,0.09780039888865,0.8943609696048648,0.8456502593128529
1.1337430167597766,0.22729495647826092,0.3694757197514798,0.21186812452333215,0.8484410946654863,0.42452144448439366,0.4268004598777433,0.09972075112635471,0.8923342275517919,0.8059720837061098
1.1420670391061454,0.22469497327381288,0.37575918825285015,0.21403967908847685,0.8542073732676114,0.41552217445729955,0.29920032238852107,0.1016439414635696,0.8902824059066186,0.7675330374946874
1.150391061452514,0.22202250986364733,0.38207219285988153,0.21618640237821138,0.8598432127028888,0.40645336571577295,0.29920032238852107,0.10357009693270955,0.88820565314883,0.7302883030664311
1.1587150837988827,0.2192777405817356,0.38841348789549757,0.21830780147226544,0.8653495992475858,0.39730898787163577,0.29205031468438364,0.10550014110214868,0.8861041203185821,0.6941905914065692
1.1670391061452514,0.2164608516873762,0.39478181054455624,0.22040335118451773,0.8707276259312853,0.3880825143455027,0.29205031468438364,0.1074356396375633,0.8839779593557231,0.6591929213767955
1.1753631284916202,0.21357204134036423,0.4011758811695795,0.22247256363062484,0.8759784836972851,0.37876726740622424,0.29205031468438364,0.10937861071167036,0.881827321377114,0.625250944092585
1.183687150837989,0.2106115195742623,0.4075944036317644,0.22451496406207763,0.8811034521807762,0.3693567508087289,0.29205031468438364,0.11133132655057525,0.8796523548979674,0.5923246844147391
1.1920111731843577,0.20757950826781849,0.4140360656172357,0.22653010349353378,0.8861038901293122,0.3598449584056894,0.29205031468438364,0.11329612841156363,0.877453204003346,0.5603796630002239
1.2003351955307262,0.20447624111453475,0.42049953896842346,0.22851752475070322,0.8909812254924748,0.3502266498581975,0.2568502767563223,0.11527527039322055,0.8752300064764708,0.5293874386129447
1.208659217877095,0.20130196359036762,0.4269834800204878,0.23047682788153787,0.8957369452100056,0.3404975873083863,0.2568502767563223,0.1172707999222307,0.8729828918909897,0.49932566111505877
1.2169832402234637,0.19805693291958912,0.4334865299426969,0.2324075911792691,0.9003725847300298,0.3306547293794551,0.2568502767563223,0.11928447623568196,0.8707119796748564,0.4701777493526215
1.2253072625698325,0.19474141803880465,0.44000731508466456,0.23430943950313435,0.9048897172912957,0.32069638100663367,0.2568502767563223,0.12131772355078348,0.8684173771540031,0.44193230988964916
1.2336312849162012,0.19135569955912812,0.44654444732735976,0.23618200302207593,0.9092899430055773,0.31062229932838353,0.2310002489029023,0.12337161301636279,0.866099177584534,0.4145823997939118
1.24195530726257,0.18790006972652315,0.45309652443877957,0.2380249178649805,0.9135748777785319,0.30043375719248927,0.2310002489029023,0.1254468666359096,0.8637574581827276,0.3881247168148527
1.2502793296089385,0.18437483238033583,0.4596621304342051,0.23983783232690972,0.9177461421093209,0.29013356680510805,0.2310002489029023,0.12754387661710084,0.8613922781627197,0.36255877894834104
1.2586033519553073,0.18078030290997904,0.466239835940934,0.24162041718544836,0.9218053498111908,0.27972606673636147,0.2310002489029023,0.12966273452630064,0.8590036767923532,0.3378861360276016
1.266927374301676,0.17711680820983836,0.472828198567388,0.24337238271490225,0.9257540966969299,0.2692170759586218,0.2310002489029023,0.13180326580910912,0.856591671478312,0.3141096402322291
1.2752513966480448,0.17338468663234152,0.47942576327649944,0.24509342126228092,0.9295939492746597,0.25861381888945223,0.21285022934624567,0.13396506641707712,0.8541562558923117,0.2912327905959802
1.2835754189944135,0.169584287939239,0.48603106276327374,0.24678323812459593,0.9333264335007511,0.24792482558351778,0.21285022934624567,0.13614753931281035,0.8516973981507939,0.2692591583195803
1.2918994413407823,0.16571597325110773,0.4926426178364292,0.24844155316095648,0.9369530236377545,0.23715981129654365,0.20735022341998607,0.13834992945362615,0.8492150390612708,0.24819189424751467
1.3002234636871508,0.16178011499505462,0.49925893780400094,0.2500681086272088,0.9404751312660905,0.22632953964771896,0.20735022341998607,0.14057135647399432,0.8467090904491947,0.22803331649574696
1.3085474860335196,0.15777709685065347,0.5058785208628113,0.251662660349336,0.9438940944988304,0.2154456735443597,0.20735022341998607,0.14281084472330896,0.8441794335799183,0.2087845742624303
1.3168715083798883,0.15370731369410837,0.512499854491699,0.2532249659515759,0.9472111674491944,0.20452061790823622,0.20735022341998607,0.14506735060309414,0.8416259176910681,0.19044538280209652
1.325195530726257,0.1495711715406618,0.5191214158483956,0.25475479032642956,0.950427510000396,0.1935673580584234,0.20735022341998607,0.1473397873222476,0.8390483586513351,0.17301382402904494
1.3335195530726258,0.1453690874852609,0.5257416721699482,0.2562519059177836,0.9535441779271482,0.18259929736256603,0.17875019260343628,0.14962704728198503,0.8364465377623989,0.15648620699574675
1.3418435754189943,0.14110148964147767,0.532359081176572,0.25771612861218995,0.9565621134175095,0.17163009747030583,0.17875019260343628,0.15192802233927363,0.8338202007213361,0.1408569824213013
1.350167597765363,0.13676881707868843,0.5389720914788249,0.2591472164967508,0.9594821360427936,0.16067352409505042,0.17875019260343628,0.15424162219834062,0.8311690567614679,0.12611870544530243
1.3584916201117319,0.13237151975755446,0.5455791429879931,0.2605450115851324,0.9623049342219725,0.14974330092180485,0.17875019260343628,0.15656679115854283,0.8284927779900976,0.11226204082020029
1.3668156424581006,0.12791005846377382,0.5521786673295783,0.26190932749938706,0.9650310572253922,0.13885297380017952,0.17875019260343628,0.1589025234134922,0.8257909989420216,0.09927580482249569
1.3751396648044694,0.12338490474013616,0.5587690882597611,0.26323997985910585,0.9676609077606823,0.12801578694562318,0.17875019260343628,0.16124787705774143,0.8230633163679598,0.08714703826565255
1.3834636871508381,0.11879654081689012,0.5653488220847451,0.2645367731522766,0.9701947351814953,0.11724457243174348,0.17875019260343628,0.16360198691796182,0.820309289277175,0.07586110514517444
1.3917877094972066,0.1141454595404495,0.5719162780828535,0.2657995932497504,0.9726326293571675,0.10655165382571696,0.17875019260343628,0.16596407628827367,0.8175284392534908,0.06540181164816875
1.4001117318435754,0.10943216430038023,0.5784698589292601,0.2670282789265502,0.9749745152385663,0.09594876440956622,0.17875019260343628,0.16833346761594514,0.8147202510636378,0.05575154052118754
1.4084357541899442,0.1046571689547822,0.5850079611232517,0.26822266849258086,0.977220148152312,0.08544698005340788,0.17875019260343628,0.17070959215505185,0.8118841735762883,0.04689139611213062
1.416759776536313,0.0998209977540072,0.5915289754178925,0.26938261854562373,0.9793691098522359,0.07505666647107573,0.17875019260343628,0.1730919985823533,0.8090196210093503,0.03880135577983102
1.4250837988826817,0.09492418526274324,0.5980312872519765,0.2705080236360017,0.9814208053534209,0.06478744030009963,0.17875019260343628,0.17548036055178043,0.8061259745219339,0.031460423790841845
1.4334078212290504,0.08996727628047041,0.6045132771841504,0.2715987576213915,0.9833744605704577,0.05464814321031309,0.17875019260343628,0.17787448315149168,0.8032025841659383,0.02484678428523232
1.441731843575419,0.08495082576031139,0.6109733213290842,0.2726546825572522,0.9852291207777176,0.04464682805956528,0.17875019260343628,0.18027430822019216,0.8002487712103528,0.018937950378880967
1.4500558659217877,0.07987539872629498,0.617409791795575,0.2736757109053525,0.986983649905478,0.034790755980066555,0.17875019260343628,0.1826799184770368,0.797263830849164,0.013710906964924077
1.4583798882681565,0.07474157018903425,0.623821057126457,0.274661738478774,0.9886367306817125,0.025086403191859723,0.17875019260343628,0.18509154042146236,0.794247035301139,0.009142245268145551
1.4667039106145252,0.06954992505981986,0.6302054827402004,0.2756126814648194,0.9901868656252935,0.015539476296493649,0.17875019260343628,0.18750954596524744,0.7911976373067676,0.005208287680755572
1.475027932960894,0.06430105806315098,0.6365614313740767,0.2765284280047919,0.9916323788922905,0.006154934798802865,0.17875019260343628,0.18993445276837145,0.7881148740242605,0.0018852018554067354
1.4833519553072627,0.058995573647778535,0.6428872635287711,0.2774089324035504,0.992971418973021,-0.0030629803680006056,0.17875019260343628,0.19236692326219573,0.7849979713227642,-0.0008508965572712003
1.4916759776536312,0.0536340858961289,0.64918133791431,0.2782541208923417,0.9942019622335547,-0.012110713485275678,0.17875019260343628,0.19480776235747843,0.7818461484669036,-0.003023852770514504
1.5,0.04821721843229482,0.6554420118971952,0.27906393441676763,0.9953218172915353,-0.020985356957470162,0.17875019260343628,0.19725791385010596,0.7786586231823903,-0.004657393244584555
