condition,replicate,minimum_probe_signature_distance,identifiable,correct_chart_and_identifiable
informative-nonunitary,0,0.580193933095,1,1
informative-nonunitary,1,0.500224949398,1,1
informative-nonunitary,2,0.596343022094,1,1
informative-nonunitary,3,0.552268050859,1,1
informative-nonunitary,4,0.490917508345,1,1
informative-nonunitary,5,0.520096144958,1,1
informative-nonunitary,6,0.515218400293,1,1
informative-nonunitary,7,0.490407993410,1,1
informative-nonunitary,8,0.475105251497,1,1
informative-nonunitary,9,0.555000000000,1,1
informative-nonunitary,10,0.488697247793,1,1
informative-nonunitary,11,0.535210239065,1,1
informative-nonunitary,12,0.476681235209,1,1
informative-nonunitary,13,0.535023363976,1,1
informative-nonunitary,14,0.531154403164,1,1
informative-nonunitary,15,0.566789202438,1,1
informative-nonunitary,16,0.520096144958,1,1
informative-nonunitary,17,0.506581681469,1,1
informative-nonunitary,18,0.590529423484,1,1
informative-nonunitary,19,0.543897968373,1,1
informative-nonunitary,20,0.595021008032,1,1
informative-nonunitary,21,0.561426753905,1,1
informative-nonunitary,22,0.411096095822,1,1
informative-nonunitary,23,0.526165373243,1,1
informative-nonunitary,24,0.586728216468,1,1
informative-nonunitary,25,0.546122696837,1,1
informative-nonunitary,26,0.511981444976,1,1
informative-nonunitary,27,0.505618433208,1,1
informative-nonunitary,28,0.550090901579,1,1
informative-nonunitary,29,0.580000000000,1,1
informative-nonunitary,30,0.539351462406,1,1
informative-nonunitary,31,0.562694410848,1,1
informative-nonunitary,32,0.540832691320,1,1
informative-nonunitary,33,0.420029760850,1,1
informative-nonunitary,34,0.551112511199,1,1
informative-nonunitary,35,0.601019966390,1,1
informative-nonunitary,36,0.491248409667,1,1
informative-nonunitary,37,0.565199079971,1,1
informative-nonunitary,38,0.502020915899,1,1
informative-nonunitary,39,0.520864665724,1,1
informative-nonunitary,40,0.510000000000,1,1
informative-nonunitary,41,0.520096144958,1,1
informative-nonunitary,42,0.560557757952,1,1
informative-nonunitary,43,0.580775343829,1,1
informative-nonunitary,44,0.525095229458,1,1
informative-nonunitary,45,0.525023808984,1,1
informative-nonunitary,46,0.497518843864,1,1
informative-nonunitary,47,0.584508340402,1,1
informative-nonunitary,48,0.500224949398,1,1
informative-nonunitary,49,0.540000000000,1,1
informative-nonunitary,50,0.525095229458,1,1
informative-nonunitary,51,0.600020832972,1,1
informative-nonunitary,52,0.580538543079,1,1
informative-nonunitary,53,0.541133070510,1,1
informative-nonunitary,54,0.585192276094,1,1
informative-nonunitary,55,0.495908257644,1,1
informative-nonunitary,56,0.545573093178,1,1
informative-nonunitary,57,0.555562777731,1,1
informative-nonunitary,58,0.530023584381,1,1
informative-nonunitary,59,0.505024751869,1,1
informative-nonunitary,60,0.641580080738,1,1
informative-nonunitary,61,0.575782076831,1,1
informative-nonunitary,62,0.517880295049,1,1
informative-nonunitary,63,0.541871756046,1,1
informative-nonunitary,64,0.480000000000,1,1
informative-nonunitary,65,0.597599364123,1,1
informative-nonunitary,66,0.560022320984,1,1
informative-nonunitary,67,0.560802995712,1,1
informative-nonunitary,68,0.525095229458,1,1
informative-nonunitary,69,0.510098029794,1,1
informative-nonunitary,70,0.490407993410,1,1
informative-nonunitary,71,0.565088488646,1,1
informative-nonunitary,72,0.456344168364,1,1
informative-nonunitary,73,0.530848377599,1,1
informative-nonunitary,74,0.577169819031,1,1
informative-nonunitary,75,0.535023363976,1,1
informative-nonunitary,76,0.575021738720,1,1
informative-nonunitary,77,0.575086949948,1,1
informative-nonunitary,78,0.495100999797,1,1
informative-nonunitary,79,0.495908257644,1,1
informative-nonunitary,80,0.550000000000,1,1
informative-nonunitary,81,0.500399840128,1,1
informative-nonunitary,82,0.561894118140,1,1
informative-nonunitary,83,0.550204507433,1,1
informative-nonunitary,84,0.591037223870,1,1
informative-nonunitary,85,0.495227220577,1,1
informative-nonunitary,86,0.552743159162,1,1
informative-nonunitary,87,0.496235831032,1,1
informative-nonunitary,88,0.490102030194,1,1
informative-nonunitary,89,0.420029760850,1,1
informative-nonunitary,90,0.585533944362,1,1
informative-nonunitary,91,0.560022320984,1,1
informative-nonunitary,92,0.450027776920,1,1
informative-nonunitary,93,0.451359058843,1,1
informative-nonunitary,94,0.511199569640,1,1
informative-nonunitary,95,0.535023363976,1,1
informative-nonunitary,96,0.530000000000,1,1
informative-nonunitary,97,0.540023147652,1,1
informative-nonunitary,98,0.490917508345,1,1
informative-nonunitary,99,0.471699056603,1,1
informative-nonunitary,100,0.570087712550,1,1
informative-nonunitary,101,0.495025251881,1,1
informative-nonunitary,102,0.525023808984,1,1
informative-nonunitary,103,0.575000000000,1,1
informative-nonunitary,104,0.530212221662,1,1
informative-nonunitary,105,0.520096144958,1,1
informative-nonunitary,106,0.535840461332,1,1
informative-nonunitary,107,0.511199569640,1,1
informative-nonunitary,108,0.575195618898,1,1
informative-nonunitary,109,0.460244500239,1,1
informative-nonunitary,110,0.476287728164,1,1
informative-nonunitary,111,0.595084027680,1,1
informative-nonunitary,112,0.442295150324,1,1
informative-nonunitary,113,0.477126817523,1,1
informative-nonunitary,114,0.563759700582,1,1
informative-nonunitary,115,0.490229538074,1,1
informative-nonunitary,116,0.535093449782,1,1
informative-nonunitary,117,0.525594901041,1,1
informative-nonunitary,118,0.520600614675,1,1
informative-nonunitary,119,0.500224949398,1,1
informative-nonunitary,120,0.499924994374,1,1
informative-nonunitary,121,0.538934133267,1,1
informative-nonunitary,122,0.545091735399,1,1
informative-nonunitary,123,0.561092683966,1,1
informative-nonunitary,124,0.525380814267,1,1
informative-nonunitary,125,0.505618433208,1,1
informative-nonunitary,126,0.581248655912,1,1
informative-nonunitary,127,0.545022935297,1,1
informative-nonunitary,128,0.555360243446,1,1
informative-nonunitary,129,0.536143637470,1,1
informative-nonunitary,130,0.395790348543,1,1
informative-nonunitary,131,0.496613531833,1,1
informative-nonunitary,132,0.525023808984,1,1
informative-nonunitary,133,0.501597448159,1,1
informative-nonunitary,134,0.470026594992,1,1
informative-nonunitary,135,0.435028734683,1,1
informative-nonunitary,136,0.550022726803,1,1
informative-nonunitary,137,0.585427194449,1,1
informative-nonunitary,138,0.585085463843,1,1
informative-nonunitary,139,0.528417448614,1,1
informative-nonunitary,140,0.438463225368,1,1
informative-nonunitary,141,0.450027776920,1,1
informative-nonunitary,142,0.546122696837,1,1
informative-nonunitary,143,0.536143637470,1,1
informative-nonunitary,144,0.505618433208,1,1
informative-nonunitary,145,0.613921819127,1,1
informative-nonunitary,146,0.541133070510,1,1
informative-nonunitary,147,0.470000000000,1,1
informative-nonunitary,148,0.582794989683,1,1
informative-nonunitary,149,0.516962281023,1,1
informative-nonunitary,150,0.520600614675,1,1
informative-nonunitary,151,0.535373701259,1,1
informative-nonunitary,152,0.560200856836,1,1
informative-nonunitary,153,0.561092683966,1,1
informative-nonunitary,154,0.535210239065,1,1
informative-nonunitary,155,0.555202665700,1,1
informative-nonunitary,156,0.565088488646,1,1
informative-nonunitary,157,0.521536192416,1,1
informative-nonunitary,158,0.565552826887,1,1
informative-nonunitary,159,0.550363516233,1,1
informative-nonunitary,160,0.455987938437,1,1
informative-nonunitary,161,0.625719585757,1,1
informative-nonunitary,162,0.460027173110,1,1
informative-nonunitary,163,0.500000000000,1,1
informative-nonunitary,164,0.545573093178,1,1
informative-nonunitary,165,0.560357029045,1,1
informative-nonunitary,166,0.500899191455,1,1
informative-nonunitary,167,0.527375577743,1,1
informative-nonunitary,168,0.545366849011,1,1
informative-nonunitary,169,0.530212221662,1,1
informative-nonunitary,170,0.545206382941,1,1
informative-nonunitary,171,0.505222723163,1,1
informative-nonunitary,172,0.535373701259,1,1
informative-nonunitary,173,0.440028408174,1,1
informative-nonunitary,174,0.550817574157,1,1
informative-nonunitary,175,0.555202665700,1,1
informative-nonunitary,176,0.492544414241,1,1
informative-nonunitary,177,0.550022726803,1,1
informative-nonunitary,178,0.580538543079,1,1
informative-nonunitary,179,0.560089278598,1,1
informative-nonunitary,180,0.530589295030,1,1
informative-nonunitary,181,0.461735855225,1,1
informative-nonunitary,182,0.555360243446,1,1
informative-nonunitary,183,0.551588614821,1,1
informative-nonunitary,184,0.435459527396,1,1
informative-nonunitary,185,0.550817574157,1,1
informative-nonunitary,186,0.499924994374,1,1
informative-nonunitary,187,0.495227220577,1,1
informative-nonunitary,188,0.568902452095,1,1
informative-nonunitary,189,0.550000000000,1,1
informative-nonunitary,190,0.574913036902,1,1
informative-nonunitary,191,0.536143637470,1,1
informative-nonunitary,192,0.550817574157,1,1
informative-nonunitary,193,0.466717259162,1,1
informative-nonunitary,194,0.570197334262,1,1
informative-nonunitary,195,0.505222723163,1,1
informative-nonunitary,196,0.540023147652,1,1
informative-nonunitary,197,0.505618433208,1,1
informative-nonunitary,198,0.510881590978,1,1
informative-nonunitary,199,0.560089278598,1,1
informative-nonunitary,200,0.471301389771,1,1
informative-nonunitary,201,0.465671558075,1,1
informative-nonunitary,202,0.535583793631,1,1
informative-nonunitary,203,0.530094331228,1,1
informative-nonunitary,204,0.485412195974,1,1
informative-nonunitary,205,0.536143637470,1,1
informative-nonunitary,206,0.460108682813,1,1
informative-nonunitary,207,0.490025509540,1,1
informative-nonunitary,208,0.520384473250,1,1
informative-nonunitary,209,0.546854642478,1,1
informative-nonunitary,210,0.480104155366,1,1
informative-nonunitary,211,0.597536609757,1,1
informative-nonunitary,212,0.506211418283,1,1
informative-nonunitary,213,0.570000000000,1,1
informative-nonunitary,214,0.545573093178,1,1
informative-nonunitary,215,0.481663783152,1,1
informative-nonunitary,216,0.540000000000,1,1
informative-nonunitary,217,0.475946425556,1,1
informative-nonunitary,218,0.470026594992,1,1
informative-nonunitary,219,0.515024271273,1,1
informative-nonunitary,220,0.490407993410,1,1
informative-nonunitary,221,0.551112511199,1,1
informative-nonunitary,222,0.570000000000,1,1
informative-nonunitary,223,0.505222723163,1,1
informative-nonunitary,224,0.540208293161,1,1
informative-nonunitary,225,0.460434577329,1,1
informative-nonunitary,226,0.475657439761,1,1
informative-nonunitary,227,0.478539444560,1,1
informative-nonunitary,228,0.531507290637,1,1
informative-nonunitary,229,0.596699254231,1,1
informative-nonunitary,230,0.590021186060,1,1
informative-nonunitary,231,0.578705451849,1,1
informative-nonunitary,232,0.530212221662,1,1
informative-nonunitary,233,0.535583793631,1,1
informative-nonunitary,234,0.588153891426,1,1
informative-nonunitary,235,0.545022935297,1,1
informative-nonunitary,236,0.510098029794,1,1
informative-nonunitary,237,0.573149195236,1,1
informative-nonunitary,238,0.476681235209,1,1
informative-nonunitary,239,0.551112511199,1,1
informative-nonunitary,240,0.490407993410,1,1
informative-nonunitary,241,0.562227711875,1,1
informative-nonunitary,242,0.445449211471,1,1
informative-nonunitary,243,0.496613531833,1,1
informative-nonunitary,244,0.520864665724,1,1
informative-nonunitary,245,0.535840461332,1,1
informative-nonunitary,246,0.525095229458,1,1
informative-nonunitary,247,0.475946425556,1,1
informative-nonunitary,248,0.490637340609,1,1
informative-nonunitary,249,0.563759700582,1,1
informative-nonunitary,250,0.505593710404,1,1
informative-nonunitary,251,0.485412195974,1,1
informative-nonunitary,252,0.570197334262,1,1
informative-nonunitary,253,0.495000000000,1,1
informative-nonunitary,254,0.582151183113,1,1
informative-nonunitary,255,0.465107514452,1,1
informative-nonunitary,256,0.490025509540,1,1
informative-nonunitary,257,0.530589295030,1,1
informative-nonunitary,258,0.500224949398,1,1
informative-nonunitary,259,0.570021929403,1,1
informative-nonunitary,260,0.503015904321,1,1
informative-nonunitary,261,0.535210239065,1,1
informative-nonunitary,262,0.510024509215,1,1
informative-nonunitary,263,0.551837838500,1,1
informative-nonunitary,264,0.515218400293,1,1
informative-nonunitary,265,0.582601922414,1,1
informative-nonunitary,266,0.535000000000,1,1
informative-nonunitary,267,0.570197334262,1,1
informative-nonunitary,268,0.581055074842,1,1
informative-nonunitary,269,0.517928566503,1,1
informative-nonunitary,270,0.575586657246,1,1
informative-nonunitary,271,0.523927475897,1,1
informative-nonunitary,272,0.525380814267,1,1
informative-nonunitary,273,0.540578393945,1,1
informative-nonunitary,274,0.566789202438,1,1
informative-nonunitary,275,0.585533944362,1,1
informative-nonunitary,276,0.505222723163,1,1
informative-nonunitary,277,0.480026040960,1,1
informative-nonunitary,278,0.479426741015,1,1
informative-nonunitary,279,0.558233821978,1,1
informative-nonunitary,280,0.546854642478,1,1
informative-nonunitary,281,0.590529423484,1,1
informative-nonunitary,282,0.565552826887,1,1
informative-nonunitary,283,0.480416485979,1,1
informative-nonunitary,284,0.425734659148,1,1
informative-nonunitary,285,0.530848377599,1,1
informative-nonunitary,286,0.514125471067,1,1
informative-nonunitary,287,0.550204507433,1,1
informative-nonunitary,288,0.465966737010,1,1
informative-nonunitary,289,0.580021551324,1,1
informative-nonunitary,290,0.546122696837,1,1
informative-nonunitary,291,0.580086200491,1,1
informative-nonunitary,292,0.530377224247,1,1
informative-nonunitary,293,0.615182899632,1,1
informative-nonunitary,294,0.420000000000,1,1
informative-nonunitary,295,0.532846131637,1,1
informative-nonunitary,296,0.525095229458,1,1
informative-nonunitary,297,0.480416485979,1,1
informative-nonunitary,298,0.485025772511,1,1
informative-nonunitary,299,0.486646689088,1,1
random-unitary,0,0.588600033979,1,1
random-unitary,1,0.572931060425,1,1
random-unitary,2,0.560089278598,1,1
random-unitary,3,0.617029172730,1,1
random-unitary,4,0.616786024485,1,1
random-unitary,5,0.540000000000,1,1
random-unitary,6,0.559732078766,1,1
random-unitary,7,0.600520607473,1,1
random-unitary,8,0.579590372591,1,1
random-unitary,9,0.620745519517,1,1
random-unitary,10,0.520216301167,1,1
random-unitary,11,0.625319918122,1,1
random-unitary,12,0.577234787586,1,1
random-unitary,13,0.640488095127,1,1
random-unitary,14,0.557853027239,1,1
random-unitary,15,0.603344843352,1,1
random-unitary,16,0.620020160963,1,1
random-unitary,17,0.548862460003,1,1
random-unitary,18,0.590190647164,1,1
random-unitary,19,0.570087712550,1,1
random-unitary,20,0.555810219409,1,1
random-unitary,21,0.596343022094,1,1
random-unitary,22,0.592283715798,1,1
random-unitary,23,0.613208773584,1,1
random-unitary,24,0.576042533152,1,1
random-unitary,25,0.563205113613,1,1
random-unitary,26,0.575195618898,1,1
random-unitary,27,0.618970920157,1,1
random-unitary,28,0.585768725693,1,1
random-unitary,29,0.605020660804,1,1
random-unitary,30,0.620322496771,1,1
random-unitary,31,0.550000000000,1,1
random-unitary,32,0.577602804702,1,1
random-unitary,33,0.605330488246,1,1
random-unitary,34,0.585533944362,1,1
random-unitary,35,0.605247883102,1,1
random-unitary,36,0.550090901579,1,1
random-unitary,37,0.557247700758,1,1
random-unitary,38,0.625079994881,1,1
random-unitary,39,0.611902770054,1,1
random-unitary,40,0.640175757117,1,1
random-unitary,41,0.646935081751,1,1
random-unitary,42,0.605082638984,1,1
random-unitary,43,0.615406369808,1,1
random-unitary,44,0.590084739677,1,1
random-unitary,45,0.589427688525,1,1
random-unitary,46,0.590021186060,1,1
random-unitary,47,0.560557757952,1,1
random-unitary,48,0.575543221661,1,1
random-unitary,49,0.585341780501,1,1
random-unitary,50,0.610081961707,1,1
random-unitary,51,0.606011551045,1,1
random-unitary,52,0.613921819127,1,1
random-unitary,53,0.610020491459,1,1
random-unitary,54,0.571773556576,1,1
random-unitary,55,0.580517010948,1,1
random-unitary,56,0.565000000000,1,1
random-unitary,57,0.576237798135,1,1
random-unitary,58,0.584572493366,1,1
random-unitary,59,0.605330488246,1,1
random-unitary,60,0.495227220577,1,1
random-unitary,61,0.535093449782,1,1
random-unitary,62,0.545091735399,1,1
random-unitary,63,0.540370243444,1,1
random-unitary,64,0.577862440378,1,1
random-unitary,65,0.585427194449,1,1
random-unitary,66,0.585021367131,1,1
random-unitary,67,0.612943716829,1,1
random-unitary,68,0.570788927713,1,1
random-unitary,69,0.525856444289,1,1
random-unitary,70,0.591037223870,1,1
random-unitary,71,0.578705451849,1,1
random-unitary,72,0.607823987681,1,1
random-unitary,73,0.568000880281,1,1
random-unitary,74,0.515388203202,1,1
random-unitary,75,0.556102508536,1,1
random-unitary,76,0.607062599737,1,1
random-unitary,77,0.520864665724,1,1
random-unitary,78,0.631506136154,1,1
random-unitary,79,0.570000000000,1,1
random-unitary,80,0.570021929403,1,1
random-unitary,81,0.575021738720,1,1
random-unitary,82,0.620020160963,1,1
random-unitary,83,0.612943716829,1,1
random-unitary,84,0.600000000000,1,1
random-unitary,85,0.575000000000,1,1
random-unitary,86,0.582601922414,1,1
random-unitary,87,0.622133426204,1,1
random-unitary,88,0.552268050859,1,1
random-unitary,89,0.641346240341,1,1
random-unitary,90,0.590021186060,1,1
random-unitary,91,0.620020160963,1,1
random-unitary,92,0.594747845730,1,1
random-unitary,93,0.595000000000,1,1
random-unitary,94,0.566083032779,1,1
random-unitary,95,0.545825063551,1,1
random-unitary,96,0.505099000197,1,1
random-unitary,97,0.595336039561,1,1
random-unitary,98,0.567670679179,1,1
random-unitary,99,0.580193933095,1,1
random-unitary,100,0.597850315715,1,1
random-unitary,101,0.555562777731,1,1
random-unitary,102,0.640488095127,1,1
random-unitary,103,0.531507290637,1,1
random-unitary,104,0.605020660804,1,1
random-unitary,105,0.610020491459,1,1
random-unitary,106,0.610184398358,1,1
random-unitary,107,0.585341780501,1,1
random-unitary,108,0.634527383176,1,1
random-unitary,109,0.601103152545,1,1
random-unitary,110,0.600520607473,1,1
random-unitary,111,0.585192276094,1,1
random-unitary,112,0.551112511199,1,1
random-unitary,113,0.615000000000,1,1
random-unitary,114,0.595084027680,1,1
random-unitary,115,0.615995129851,1,1
random-unitary,116,0.575543221661,1,1
random-unitary,117,0.608276253030,1,1
random-unitary,118,0.576584772605,1,1
random-unitary,119,0.610737259384,1,1
random-unitary,120,0.600374882886,1,1
random-unitary,121,0.605082638984,1,1
random-unitary,122,0.552743159162,1,1
random-unitary,123,0.605330488246,1,1
random-unitary,124,0.568726647872,1,1
random-unitary,125,0.584208866759,1,1
random-unitary,126,0.585085463843,1,1
random-unitary,127,0.620000000000,1,1
random-unitary,128,0.515097078229,1,1
random-unitary,129,0.530023584381,1,1
random-unitary,130,0.585341780501,1,1
random-unitary,131,0.636729927049,1,1
random-unitary,132,0.605990924024,1,1
random-unitary,133,0.572407197719,1,1
random-unitary,134,0.540208293161,1,1
random-unitary,135,0.535023363976,1,1
random-unitary,136,0.546465918425,1,1
random-unitary,137,0.535093449782,1,1
random-unitary,138,0.645000000000,1,1
random-unitary,139,0.594348382685,1,1
random-unitary,140,0.590021186060,1,1
random-unitary,141,0.592663479556,1,1
random-unitary,142,0.546465918425,1,1
random-unitary,143,0.530094331228,1,1
random-unitary,144,0.602079728940,1,1
random-unitary,145,0.620181425069,1,1
random-unitary,146,0.612413259164,1,1
random-unitary,147,0.570000000000,1,1
random-unitary,148,0.612413259164,1,1
random-unitary,149,0.592283715798,1,1
random-unitary,150,0.615000000000,1,1
random-unitary,151,0.590338885726,1,1
random-unitary,152,0.595084027680,1,1
random-unitary,153,0.550090901579,1,1
random-unitary,154,0.560089278598,1,1
random-unitary,155,0.612882533607,1,1
random-unitary,156,0.595189045598,1,1
random-unitary,157,0.638690065681,1,1
random-unitary,158,0.594516610365,1,1
random-unitary,159,0.540208293161,1,1
random-unitary,160,0.605743344990,1,1
random-unitary,161,0.605247883102,1,1
random-unitary,162,0.596699254231,1,1
random-unitary,163,0.590762219510,1,1
random-unitary,164,0.575195618898,1,1
random-unitary,165,0.550022726803,1,1
random-unitary,166,0.584636639290,1,1
random-unitary,167,0.600520607473,1,1
random-unitary,168,0.621630919437,1,1
random-unitary,169,0.591481191586,1,1
random-unitary,170,0.620966987850,1,1
random-unitary,171,0.603096178068,1,1
random-unitary,172,0.536493243201,1,1
random-unitary,173,0.611882341631,1,1
random-unitary,174,0.590021186060,1,1
random-unitary,175,0.515800348972,1,1
random-unitary,176,0.624759953902,1,1
random-unitary,177,0.606320872146,1,1
random-unitary,178,0.545573093178,1,1
random-unitary,179,0.601685133604,1,1
random-unitary,180,0.624759953902,1,1
random-unitary,181,0.549181208710,1,1
random-unitary,182,0.610122938431,1,1
random-unitary,183,0.565353871482,1,1
random-unitary,184,0.530094331228,1,1
random-unitary,185,0.600374882886,1,1
random-unitary,186,0.584829034847,1,1
random-unitary,187,0.580538543079,1,1
random-unitary,188,0.590529423484,1,1
random-unitary,189,0.550204507433,1,1
random-unitary,190,0.585192276094,1,1
random-unitary,191,0.605020660804,1,1
random-unitary,192,0.584636639290,1,1
random-unitary,193,0.615020324867,1,1
random-unitary,194,0.537587202229,1,1
random-unitary,195,0.590529423484,1,1
random-unitary,196,0.595336039561,1,1
random-unitary,197,0.576389625167,1,1
random-unitary,198,0.545022935297,1,1
random-unitary,199,0.605082638984,1,1
random-unitary,200,0.577234787586,1,1
random-unitary,201,0.595021008032,1,1
random-unitary,202,0.565022123461,1,1
random-unitary,203,0.555202665700,1,1
random-unitary,204,0.628430584870,1,1
random-unitary,205,0.610512080143,1,1
random-unitary,206,0.605082638984,1,1
random-unitary,207,0.595021008032,1,1
random-unitary,208,0.565088488646,1,1
random-unitary,209,0.612045749924,1,1
random-unitary,210,0.580021551324,1,1
random-unitary,211,0.555202665700,1,1
random-unitary,212,0.575347720948,1,1
random-unitary,213,0.555000000000,1,1
random-unitary,214,0.616116872030,1,1
random-unitary,215,0.565022123461,1,1
random-unitary,216,0.576042533152,1,1
random-unitary,217,0.580193933095,1,1
random-unitary,218,0.580344725142,1,1
random-unitary,219,0.605185921846,1,1
random-unitary,220,0.613921819127,1,1
random-unitary,221,0.568858506133,1,1
random-unitary,222,0.590529423484,1,1
random-unitary,223,0.574891294072,1,1
random-unitary,224,0.590000000000,1,1
random-unitary,225,0.595524978485,1,1
random-unitary,226,0.575782076831,1,1
random-unitary,227,0.575347720948,1,1
random-unitary,228,0.567186036499,1,1
random-unitary,229,0.589766903107,1,1
random-unitary,230,0.500224949398,1,1
random-unitary,231,0.576064232530,1,1
random-unitary,232,0.554098366718,1,1
random-unitary,233,0.590338885726,1,1
random-unitary,234,0.645948914389,1,1
random-unitary,235,0.590635251234,1,1
random-unitary,236,0.580344725142,1,1
random-unitary,237,0.602079728940,1,1
random-unitary,238,0.545825063551,1,1
random-unitary,239,0.575195618898,1,1
random-unitary,240,0.565552826887,1,1
random-unitary,241,0.560089278598,1,1
random-unitary,242,0.583309523324,1,1
random-unitary,243,0.602079728940,1,1
random-unitary,244,0.565154846038,1,1
random-unitary,245,0.586387244063,1,1
random-unitary,246,0.556619259458,1,1
random-unitary,247,0.565353871482,1,1
random-unitary,248,0.601518910758,1,1
random-unitary,249,0.612882533607,1,1
random-unitary,250,0.627574696749,1,1
random-unitary,251,0.610327780787,1,1
random-unitary,252,0.652705906209,1,1
random-unitary,253,0.605247883102,1,1
random-unitary,254,0.587388287251,1,1
random-unitary,255,0.550817574157,1,1
random-unitary,256,0.605000000000,1,1
random-unitary,257,0.563205113613,1,1
random-unitary,258,0.595524978485,1,1
random-unitary,259,0.556619259458,1,1
random-unitary,260,0.614043972367,1,1
random-unitary,261,0.590190647164,1,1
random-unitary,262,0.572188780037,1,1
random-unitary,263,0.610512080143,1,1
random-unitary,264,0.530094331228,1,1
random-unitary,265,0.633482438588,1,1
random-unitary,266,0.551837838500,1,1
random-unitary,267,0.589512510469,1,1
random-unitary,268,0.585192276094,1,1
random-unitary,269,0.600083327547,1,1
random-unitary,270,0.581377674150,1,1
random-unitary,271,0.550567888639,1,1
random-unitary,272,0.585021367131,1,1
random-unitary,273,0.591713613161,1,1
random-unitary,274,0.562249944420,1,1
random-unitary,275,0.500399840128,1,1
random-unitary,276,0.610000000000,1,1
random-unitary,277,0.580280104777,1,1
random-unitary,278,0.575543221661,1,1
random-unitary,279,0.516962281023,1,1
random-unitary,280,0.569429539100,1,1
random-unitary,281,0.571686102682,1,1
random-unitary,282,0.565265424380,1,1
random-unitary,283,0.587388287251,1,1
random-unitary,284,0.612413259164,1,1
random-unitary,285,0.577862440378,1,1
random-unitary,286,0.595755822464,1,1
random-unitary,287,0.615020324867,1,1
random-unitary,288,0.497041245773,1,1
random-unitary,289,0.586728216468,1,1
random-unitary,290,0.612413259164,1,1
random-unitary,291,0.595524978485,1,1
random-unitary,292,0.582494635168,1,1
random-unitary,293,0.625859409133,1,1
random-unitary,294,0.561805126356,1,1
random-unitary,295,0.530848377599,1,1
random-unitary,296,0.544541091195,1,1
random-unitary,297,0.591037223870,1,1
random-unitary,298,0.511981444976,1,1
random-unitary,299,0.615507920339,1,1
null,0,0.005000000000,0,0
null,1,0.010000000000,0,0
null,2,0.025000000000,0,0
null,3,0.010000000000,0,0
null,4,0.005000000000,0,0
null,5,0.010000000000,0,0
null,6,0.005000000000,0,0
null,7,0.015000000000,0,0
null,8,0.030000000000,0,0
null,9,0.010000000000,0,0
null,10,0.000000000000,0,0
null,11,0.025000000000,0,0
null,12,0.005000000000,0,0
null,13,0.005000000000,0,0
null,14,0.000000000000,0,0
null,15,0.015000000000,0,0
null,16,0.010000000000,0,0
null,17,0.005000000000,0,0
null,18,0.000000000000,0,0
null,19,0.010000000000,0,0
null,20,0.025000000000,0,0
null,21,0.015000000000,0,0
null,22,0.015000000000,0,0
null,23,0.000000000000,0,0
null,24,0.000000000000,0,0
null,25,0.010000000000,0,0
null,26,0.005000000000,0,0
null,27,0.000000000000,0,0
null,28,0.005000000000,0,0
null,29,0.005000000000,0,0
null,30,0.025000000000,0,0
null,31,0.005000000000,0,0
null,32,0.010000000000,0,0
null,33,0.010000000000,0,0
null,34,0.020000000000,0,0
null,35,0.000000000000,0,0
null,36,0.005000000000,0,0
null,37,0.000000000000,0,0
null,38,0.015000000000,0,0
null,39,0.010000000000,0,0
null,40,0.005000000000,0,0
null,41,0.005000000000,0,0
null,42,0.010000000000,0,0
null,43,0.005000000000,0,0
null,44,0.000000000000,0,0
null,45,0.005000000000,0,0
null,46,0.005000000000,0,0
null,47,0.010000000000,0,0
null,48,0.005000000000,0,0
null,49,0.000000000000,0,0
null,50,0.010000000000,0,0
null,51,0.005000000000,0,0
null,52,0.025000000000,0,0
null,53,0.005000000000,0,0
null,54,0.005000000000,0,0
null,55,0.000000000000,0,0
null,56,0.000000000000,0,0
null,57,0.000000000000,0,0
null,58,0.005000000000,0,0
null,59,0.035000000000,0,0
null,60,0.005000000000,0,0
null,61,0.005000000000,0,0
null,62,0.010000000000,0,0
null,63,0.000000000000,0,0
null,64,0.000000000000,0,0
null,65,0.020000000000,0,0
null,66,0.005000000000,0,0
null,67,0.010000000000,0,0
null,68,0.020000000000,0,0
null,69,0.015000000000,0,0
null,70,0.000000000000,0,0
null,71,0.005000000000,0,0
null,72,0.000000000000,0,0
null,73,0.010000000000,0,0
null,74,0.005000000000,0,0
null,75,0.010000000000,0,0
null,76,0.000000000000,0,0
null,77,0.000000000000,0,0
null,78,0.005000000000,0,0
null,79,0.020000000000,0,0
null,80,0.000000000000,0,0
null,81,0.005000000000,0,0
null,82,0.000000000000,0,0
null,83,0.005000000000,0,0
null,84,0.005000000000,0,0
null,85,0.005000000000,0,0
null,86,0.005000000000,0,0
null,87,0.000000000000,0,0
null,88,0.005000000000,0,0
null,89,0.010000000000,0,0
null,90,0.015000000000,0,0
null,91,0.005000000000,0,0
null,92,0.010000000000,0,0
null,93,0.010000000000,0,0
null,94,0.005000000000,0,0
null,95,0.000000000000,0,0
null,96,0.005000000000,0,0
null,97,0.030000000000,0,0
null,98,0.005000000000,0,0
null,99,0.005000000000,0,0
null,100,0.020000000000,0,0
null,101,0.005000000000,0,0
null,102,0.005000000000,0,0
null,103,0.005000000000,0,0
null,104,0.010000000000,0,0
null,105,0.010000000000,0,0
null,106,0.010000000000,0,0
null,107,0.010000000000,0,0
null,108,0.030000000000,0,0
null,109,0.010000000000,0,0
null,110,0.000000000000,0,0
null,111,0.005000000000,0,0
null,112,0.010000000000,0,0
null,113,0.000000000000,0,0
null,114,0.015000000000,0,0
null,115,0.015000000000,0,0
null,116,0.010000000000,0,0
null,117,0.000000000000,0,0
null,118,0.005000000000,0,0
null,119,0.015000000000,0,0
null,120,0.015000000000,0,0
null,121,0.005000000000,0,0
null,122,0.005000000000,0,0
null,123,0.005000000000,0,0
null,124,0.005000000000,0,0
null,125,0.000000000000,0,0
null,126,0.015000000000,0,0
null,127,0.015000000000,0,0
null,128,0.005000000000,0,0
null,129,0.000000000000,0,0
null,130,0.010000000000,0,0
null,131,0.000000000000,0,0
null,132,0.005000000000,0,0
null,133,0.000000000000,0,0
null,134,0.000000000000,0,0
null,135,0.010000000000,0,0
null,136,0.005000000000,0,0
null,137,0.010000000000,0,0
null,138,0.000000000000,0,0
null,139,0.015000000000,0,0
null,140,0.020000000000,0,0
null,141,0.000000000000,0,0
null,142,0.035000000000,0,0
null,143,0.005000000000,0,0
null,144,0.015000000000,0,0
null,145,0.010000000000,0,0
null,146,0.005000000000,0,0
null,147,0.015000000000,0,0
null,148,0.020000000000,0,0
null,149,0.025000000000,0,0
null,150,0.010000000000,0,0
null,151,0.015000000000,0,0
null,152,0.025000000000,0,0
null,153,0.010000000000,0,0
null,154,0.005000000000,0,0
null,155,0.010000000000,0,0
null,156,0.000000000000,0,0
null,157,0.005000000000,0,0
null,158,0.020000000000,0,0
null,159,0.035000000000,0,0
null,160,0.025000000000,0,0
null,161,0.000000000000,0,0
null,162,0.015000000000,0,0
null,163,0.020000000000,0,0
null,164,0.000000000000,0,0
null,165,0.010000000000,0,0
null,166,0.000000000000,0,0
null,167,0.010000000000,0,0
null,168,0.020000000000,0,0
null,169,0.010000000000,0,0
null,170,0.000000000000,0,0
null,171,0.015000000000,0,0
null,172,0.000000000000,0,0
null,173,0.005000000000,0,0
null,174,0.010000000000,0,0
null,175,0.005000000000,0,0
null,176,0.010000000000,0,0
null,177,0.015000000000,0,0
null,178,0.005000000000,0,0
null,179,0.005000000000,0,0
null,180,0.000000000000,0,0
null,181,0.005000000000,0,0
null,182,0.015000000000,0,0
null,183,0.015000000000,0,0
null,184,0.025000000000,0,0
null,185,0.010000000000,0,0
null,186,0.005000000000,0,0
null,187,0.020000000000,0,0
null,188,0.005000000000,0,0
null,189,0.000000000000,0,0
null,190,0.000000000000,0,0
null,191,0.015000000000,0,0
null,192,0.015000000000,0,0
null,193,0.010000000000,0,0
null,194,0.010000000000,0,0
null,195,0.015000000000,0,0
null,196,0.030000000000,0,0
null,197,0.000000000000,0,0
null,198,0.030000000000,0,0
null,199,0.005000000000,0,0
null,200,0.005000000000,0,0
null,201,0.015000000000,0,0
null,202,0.010000000000,0,0
null,203,0.015000000000,0,0
null,204,0.020000000000,0,0
null,205,0.010000000000,0,0
null,206,0.015000000000,0,0
null,207,0.020000000000,0,0
null,208,0.010000000000,0,0
null,209,0.005000000000,0,0
null,210,0.010000000000,0,0
null,211,0.000000000000,0,0
null,212,0.005000000000,0,0
null,213,0.005000000000,0,0
null,214,0.000000000000,0,0
null,215,0.000000000000,0,0
null,216,0.015000000000,0,0
null,217,0.005000000000,0,0
null,218,0.015000000000,0,0
null,219,0.005000000000,0,0
null,220,0.000000000000,0,0
null,221,0.005000000000,0,0
null,222,0.005000000000,0,0
null,223,0.000000000000,0,0
null,224,0.015000000000,0,0
null,225,0.000000000000,0,0
null,226,0.005000000000,0,0
null,227,0.005000000000,0,0
null,228,0.010000000000,0,0
null,229,0.005000000000,0,0
null,230,0.000000000000,0,0
null,231,0.005000000000,0,0
null,232,0.010000000000,0,0
null,233,0.000000000000,0,0
null,234,0.000000000000,0,0
null,235,0.005000000000,0,0
null,236,0.000000000000,0,0
null,237,0.005000000000,0,0
null,238,0.010000000000,0,0
null,239,0.020000000000,0,0
null,240,0.005000000000,0,0
null,241,0.000000000000,0,0
null,242,0.010000000000,0,0
null,243,0.005000000000,0,0
null,244,0.005000000000,0,0
null,245,0.010000000000,0,0
null,246,0.035000000000,0,0
null,247,0.005000000000,0,0
null,248,0.010000000000,0,0
null,249,0.000000000000,0,0
null,250,0.015000000000,0,0
null,251,0.005000000000,0,0
null,252,0.005000000000,0,0
null,253,0.005000000000,0,0
null,254,0.005000000000,0,0
null,255,0.005000000000,0,0
null,256,0.000000000000,0,0
null,257,0.015000000000,0,0
null,258,0.005000000000,0,0
null,259,0.025000000000,0,0
null,260,0.005000000000,0,0
null,261,0.005000000000,0,0
null,262,0.010000000000,0,0
null,263,0.015000000000,0,0
null,264,0.010000000000,0,0
null,265,0.020000000000,0,0
null,266,0.005000000000,0,0
null,267,0.000000000000,0,0
null,268,0.020000000000,0,0
null,269,0.005000000000,0,0
null,270,0.000000000000,0,0
null,271,0.010000000000,0,0
null,272,0.005000000000,0,0
null,273,0.010000000000,0,0
null,274,0.020000000000,0,0
null,275,0.000000000000,0,0
null,276,0.005000000000,0,0
null,277,0.005000000000,0,0
null,278,0.005000000000,0,0
null,279,0.010000000000,0,0
null,280,0.005000000000,0,0
null,281,0.000000000000,0,0
null,282,0.005000000000,0,0
null,283,0.010000000000,0,0
null,284,0.005000000000,0,0
null,285,0.005000000000,0,0
null,286,0.005000000000,0,0
null,287,0.005000000000,0,0
null,288,0.000000000000,0,0
null,289,0.010000000000,0,0
null,290,0.005000000000,0,0
null,291,0.010000000000,0,0
null,292,0.005000000000,0,0
null,293,0.005000000000,0,0
null,294,0.015000000000,0,0
null,295,0.015000000000,0,0
null,296,0.015000000000,0,0
null,297,0.000000000000,0,0
null,298,0.000000000000,0,0
null,299,0.015000000000,0,0
