length,replicate,trace_distance
0,0,0.053517198512
0,1,0.031575464607
0,2,0.010539169217
0,3,0.091045120515
0,4,0.033277936710
0,5,0.021329179705
0,6,0.056685120407
0,7,0.010539169217
0,8,0.050792658676
0,9,0.095728707725
0,10,0.074933884437
0,11,0.035985439701
0,12,0.024016207469
0,13,0.049372189529
0,14,0.014902153661
0,15,0.026638274364
0,16,0.042571362019
0,17,0.040587905565
0,18,0.037923807441
0,19,0.073412344948
0,20,0.044340949404
0,21,0.050684847937
0,22,0.046278674383
0,23,0.043338806356
0,24,0.016659727201
0,25,0.004713888082
0,26,0.019988012385
0,27,0.043211866527
0,28,0.043717364488
0,29,0.065072901005
0,30,0.012015901214
0,31,0.016989371953
0,32,0.010539169217
0,33,0.052486587822
0,34,0.013739793274
0,35,0.036743268147
0,36,0.077744235767
0,37,0.012015901214
0,38,0.060493223229
0,39,0.003333277779
0,40,0.040452145387
0,41,0.073412344948
0,42,0.026845132986
0,43,0.023550612327
0,44,0.062523809473
0,45,0.021329179705
0,46,0.067521102091
0,47,0.061118696643
0,48,0.067038995247
0,49,0.050576800250
0,50,0.016989371953
0,51,0.057920806484
0,52,0.046632813156
0,53,0.013739793274
0,54,0.025361411414
0,55,0.006666222273
0,56,0.037190435788
0,57,0.030688384040
0,58,0.037190435788
0,59,0.032944570320
0,60,0.026845132986
0,61,0.014902153661
0,62,0.029959593908
0,63,0.046515074270
0,64,0.023550612327
0,65,0.021067812616
0,66,0.037923807441
0,67,0.076842943942
0,68,0.026845132986
0,69,0.043211866527
0,70,0.055223618793
0,71,0.016989371953
0,72,0.021329179705
0,73,0.057920806484
0,74,0.053107435676
0,75,0.050576800250
0,76,0.031575464607
0,77,0.019425503033
0,78,0.020263384907
0,79,0.058014725884
0,80,0.016659727201
0,81,0.016989371953
0,82,0.016659727201
0,83,0.019425503033
0,84,0.072527606520
0,85,0.063981379151
0,86,0.014902153661
0,87,0.007452938884
0,88,0.033934716703
0,89,0.066227257671
0,90,0.046278674383
0,91,0.078498198953
0,92,0.037190435788
0,93,0.032944570320
0,94,0.040042048635
0,95,0.000000000000
0,96,0.019425503033
0,97,0.037923807441
0,98,0.058667781118
0,99,0.028639127374
0,100,0.037923807441
0,101,0.026845132986
0,102,0.014902153661
0,103,0.026845132986
0,104,0.031400076786
0,105,0.029774578419
0,106,0.023314304535
0,107,0.051540823856
0,108,0.017941880473
0,109,0.014902153661
0,110,0.018846133429
0,111,0.020263384907
0,112,0.043717364488
0,113,0.024016207469
0,114,0.017941880473
0,115,0.016659727201
0,116,0.021329179705
0,117,0.019425503033
0,118,0.009426833626
0,119,0.031575464607
0,120,0.028250400098
0,121,0.051963357931
0,122,0.035831920134
0,123,0.020263384907
0,124,0.003333277779
0,125,0.018846133429
0,126,0.032944570320
0,127,0.046278674383
0,128,0.019425503033
0,129,0.042051779219
0,130,0.033934716703
0,131,0.009998500387
0,132,0.013329779410
0,133,0.007452938884
0,134,0.033443357365
0,135,0.026007743767
0,136,0.027456279150
0,137,0.035367301318
0,138,0.035831920134
0,139,0.067521102091
0,140,0.068237526238
0,141,0.007452938884
0,142,0.065735145131
0,143,0.054024881842
0,144,0.049372189529
0,145,0.028639127374
0,146,0.037190435788
0,147,0.035985439701
0,148,0.033443357365
0,149,0.042571362019
0,150,0.012015901214
0,151,0.050576800250
0,152,0.034258321134
0,153,0.049813701880
0,154,0.007452938884
0,155,0.037190435788
0,156,0.049813701880
0,157,0.056492520731
0,158,0.045199179892
0,159,0.044710828439
0,160,0.064319304396
0,161,0.009998500387
0,162,0.020263384907
0,163,0.020263384907
0,164,0.038785242874
0,165,0.021329179705
0,166,0.021329179705
0,167,0.045199179892
0,168,0.033443357365
0,169,0.033443357365
0,170,0.035985439701
0,171,0.012015901214
0,172,0.040042048635
0,173,0.074933884437
0,174,0.037190435788
0,175,0.040042048635
0,176,0.016659727201
0,177,0.108826892811
0,178,0.016659727201
0,179,0.031575464607
0,180,0.066553204657
0,181,0.028639127374
0,182,0.026638274364
0,183,0.023314304535
0,184,0.016659727201
0,185,0.036743268147
0,186,0.043211866527
0,187,0.046515074270
0,188,0.026007743767
0,189,0.056395964695
0,190,0.063042280284
0,191,0.044340949404
0,192,0.010539169217
0,193,0.027456279150
0,194,0.043338806356
0,195,0.006666222273
0,196,0.060851459032
0,197,0.040042048635
0,198,0.007452938884
0,199,0.023550612327
0,200,0.021067812616
0,201,0.007452938884
0,202,0.009998500387
0,203,0.058760457877
0,204,0.030143461647
0,205,0.007452938884
0,206,0.063726700714
0,207,0.016659727201
0,208,0.050251220189
0,209,0.016989371953
0,210,0.033443357365
0,211,0.057258882242
0,212,0.045199179892
0,213,0.051646791928
0,214,0.031575464607
0,215,0.014902153661
0,216,0.029774578419
0,217,0.060940674301
0,218,0.046984213306
0,219,0.010539169217
0,220,0.041657747755
0,221,0.004713888082
0,222,0.063726700714
0,223,0.024245629638
0,224,0.042571362019
0,225,0.071405273363
0,226,0.036592978005
0,227,0.009998500387
0,228,0.051858057601
0,229,0.050576800250
0,230,0.013329779410
0,231,0.067038995247
0,232,0.007452938884
0,233,0.063641570248
0,234,0.023550612327
0,235,0.057258882242
0,236,0.035985439701
0,237,0.038926929319
0,238,0.056781165788
0,239,0.030688384040
0,240,0.026845132986
0,241,0.043717364488
0,242,0.016989371953
0,243,0.042312385361
0,244,0.043717364488
0,245,0.084079813715
0,246,0.055223618793
0,247,0.026845132986
0,248,0.030688384040
0,249,0.047216988843
1,0,0.028088332296
1,1,0.043321627860
1,2,0.078176257184
1,3,0.047794563245
1,4,0.050570707054
1,5,0.009919576989
1,6,0.016537100005
1,7,0.019343647910
1,8,0.079823552551
1,9,0.044611670948
1,10,0.009919576989
1,11,0.071578253399
1,12,0.057196301734
1,13,0.036321964834
1,14,0.101760688946
1,15,0.029884108310
1,16,0.030803576958
1,17,0.044890220105
1,18,0.019985116935
1,19,0.028760493397
1,20,0.018368149201
1,21,0.017430448177
1,22,0.065265983271
1,23,0.042367376412
1,24,0.021204528290
1,25,0.022844981953
1,26,0.033677924812
1,27,0.035066816682
1,28,0.084047359287
1,29,0.015014837480
1,30,0.036006682494
1,31,0.009852965908
1,32,0.016081774488
1,33,0.009570687962
1,34,0.020262464135
1,35,0.047135210062
1,36,0.025870182805
1,37,0.012590256340
1,38,0.049364064932
1,39,0.056900386376
1,40,0.037904385117
1,41,0.074557975665
1,42,0.065922877025
1,43,0.022043158476
1,44,0.035393933821
1,45,0.017719705049
1,46,0.034627967548
1,47,0.027372440224
1,48,0.047126664970
1,49,0.007323261698
1,50,0.044149094016
1,51,0.066211717060
1,52,0.054189975752
1,53,0.061414071075
1,54,0.010569555993
1,55,0.040110401927
1,56,0.036574010598
1,57,0.066306316187
1,58,0.062405338173
1,59,0.010922061471
1,60,0.032135563005
1,61,0.032701985847
1,62,0.057721118686
1,63,0.010390863854
1,64,0.043414107342
1,65,0.022876517499
1,66,0.052621943093
1,67,0.038958757357
1,68,0.020168164739
1,69,0.043342839584
1,70,0.024243301579
1,71,0.039088739913
1,72,0.028487188926
1,73,0.031203961238
1,74,0.051621162656
1,75,0.025065609311
1,76,0.042344946899
1,77,0.043641345665
1,78,0.031943587527
1,79,0.050332757195
1,80,0.045333758019
1,81,0.047404562812
1,82,0.059326564089
1,83,0.028320872759
1,84,0.042034685732
1,85,0.024949571159
1,86,0.125516550057
1,87,0.073948867340
1,88,0.029168041679
1,89,0.064512432546
1,90,0.051271772123
1,91,0.041560426977
1,92,0.027012746405
1,93,0.039683302571
1,94,0.021241723285
1,95,0.042831740157
1,96,0.012049338821
1,97,0.065622519492
1,98,0.026142826933
1,99,0.063776108646
1,100,0.044262884902
1,101,0.051222243101
1,102,0.024492017966
1,103,0.031665634602
1,104,0.038833007440
1,105,0.071389259939
1,106,0.023263748200
1,107,0.027245357106
1,108,0.019521367379
1,109,0.024057698819
1,110,0.014881123591
1,111,0.030377892473
1,112,0.037953069636
1,113,0.027095338918
1,114,0.075494891638
1,115,0.025377256332
1,116,0.009998694367
1,117,0.050556662265
1,118,0.026031939490
1,119,0.029334152344
1,120,0.051025043156
1,121,0.034627967548
1,122,0.009788966131
1,123,0.040578408373
1,124,0.034247381057
1,125,0.013548946969
1,126,0.048350897957
1,127,0.047825710963
1,128,0.062551796911
1,129,0.046244029564
1,130,0.072794327557
1,131,0.047533971194
1,132,0.026609390266
1,133,0.014250721916
1,134,0.047965368005
1,135,0.021708664810
1,136,0.039967668797
1,137,0.016496139944
1,138,0.063403352907
1,139,0.075015955452
1,140,0.027792340472
1,141,0.013538755920
1,142,0.014643250746
1,143,0.026853759169
1,144,0.022680961617
1,145,0.040171073494
1,146,0.019556229145
1,147,0.035811256587
1,148,0.030568376503
1,149,0.029789601867
1,150,0.033414381455
1,151,0.032647825266
1,152,0.019940536282
1,153,0.012803855113
1,154,0.007546111218
1,155,0.024190215461
1,156,0.054826262254
1,157,0.020840521265
1,158,0.031302523204
1,159,0.014404160111
1,160,0.034453815114
1,161,0.031563987992
1,162,0.026408352599
1,163,0.053461300349
1,164,0.025065889820
1,165,0.035902288211
1,166,0.050576783912
1,167,0.050428280456
1,168,0.049671058871
1,169,0.034879170844
1,170,0.011901108736
1,171,0.031417043421
1,172,0.047794563245
1,173,0.023833847355
1,174,0.042193971280
1,175,0.090346152096
1,176,0.017063539067
1,177,0.030118992780
1,178,0.030844133946
1,179,0.046248137118
1,180,0.035252659195
1,181,0.013787325125
1,182,0.022008008339
1,183,0.033761381362
1,184,0.030508892296
1,185,0.045688772267
1,186,0.033589921435
1,187,0.058481781669
1,188,0.047961564313
1,189,0.026992715208
1,190,0.027577763263
1,191,0.065821713143
1,192,0.014033641270
1,193,0.059422635408
1,194,0.043357005919
1,195,0.043975896020
1,196,0.038771126334
1,197,0.030788045675
1,198,0.018103727011
1,199,0.011306749300
1,200,0.044864876766
1,201,0.056644375266
1,202,0.045936509381
1,203,0.026964539612
1,204,0.027031942941
1,205,0.002220840373
1,206,0.048506713404
1,207,0.039881475776
1,208,0.038031703332
1,209,0.023508795965
1,210,0.030838033146
1,211,0.039519184226
1,212,0.012746859697
1,213,0.047990808049
1,214,0.031533649647
1,215,0.050616424290
1,216,0.034481218238
1,217,0.044455909284
1,218,0.090923145281
1,219,0.013539284319
1,220,0.036642315905
1,221,0.003339183322
1,222,0.004153592842
1,223,0.013908023778
1,224,0.007156316301
1,225,0.075986159202
1,226,0.050501470720
1,227,0.049372757989
1,228,0.043320341933
1,229,0.051498364352
1,230,0.015200776939
1,231,0.030665304229
1,232,0.040224394781
1,233,0.014002697433
1,234,0.031094607347
1,235,0.080118413439
1,236,0.063255127300
1,237,0.014118024752
1,238,0.030285053360
1,239,0.042274073793
1,240,0.032727898110
1,241,0.030833001517
1,242,0.032959140765
1,243,0.016417395840
1,244,0.020414631822
1,245,0.027147583901
1,246,0.020754641717
1,247,0.040811300182
1,248,0.048134781831
1,249,0.046230468257
2,0,0.037015276873
2,1,0.026087117529
2,2,0.052829301869
2,3,0.027152208484
2,4,0.045016564909
2,5,0.056472062199
2,6,0.037760889684
2,7,0.030750868205
2,8,0.055186013981
2,9,0.009886357420
2,10,0.052488096997
2,11,0.047022810125
2,12,0.067893446624
2,13,0.074372914011
2,14,0.059055824010
2,15,0.047033237399
2,16,0.037578185668
2,17,0.031245157937
2,18,0.013712604525
2,19,0.038359247068
2,20,0.032852156548
2,21,0.060881883784
2,22,0.034763481295
2,23,0.028646573843
2,24,0.021604076685
2,25,0.076866873237
2,26,0.010002639606
2,27,0.051192858369
2,28,0.037635000064
2,29,0.049178188874
2,30,0.012327429689
2,31,0.050310738129
2,32,0.028322376208
2,33,0.036424618237
2,34,0.013762107700
2,35,0.012560847105
2,36,0.034127088840
2,37,0.030003560320
2,38,0.029490250651
2,39,0.033323167468
2,40,0.038790313575
2,41,0.055404114383
2,42,0.046742940833
2,43,0.040874391814
2,44,0.031453572982
2,45,0.059158756524
2,46,0.014557523950
2,47,0.043261129744
2,48,0.029611637196
2,49,0.007641360483
2,50,0.032216590718
2,51,0.041823652975
2,52,0.040770252497
2,53,0.027573068251
2,54,0.043063841677
2,55,0.018899061566
2,56,0.051380576641
2,57,0.026019374839
2,58,0.052137811485
2,59,0.006830494012
2,60,0.018812225803
2,61,0.018569304766
2,62,0.020953111460
2,63,0.032875363086
2,64,0.031121258996
2,65,0.044627351384
2,66,0.032455567569
2,67,0.023287448338
2,68,0.058210048004
2,69,0.018496792016
2,70,0.024674134844
2,71,0.053753643529
2,72,0.005562681183
2,73,0.036785433526
2,74,0.035671610245
2,75,0.047748538547
2,76,0.042136684252
2,77,0.041976947326
2,78,0.021233621417
2,79,0.019987778311
2,80,0.073322717764
2,81,0.027655222788
2,82,0.079082998236
2,83,0.048476775532
2,84,0.012741002625
2,85,0.013178249989
2,86,0.048000522163
2,87,0.025986845432
2,88,0.012611508881
2,89,0.044596747379
2,90,0.013738283199
2,91,0.051123772763
2,92,0.037885811710
2,93,0.022593542123
2,94,0.059485921701
2,95,0.024175013768
2,96,0.024900590120
2,97,0.012930037035
2,98,0.083535324115
2,99,0.015009641253
2,100,0.020028642882
2,101,0.013716391060
2,102,0.014695364275
2,103,0.016874686446
2,104,0.071898620822
2,105,0.034607938299
2,106,0.012808213563
2,107,0.004797697005
2,108,0.030191220212
2,109,0.023314341929
2,110,0.046866442538
2,111,0.021006743476
2,112,0.051011262978
2,113,0.039084845591
2,114,0.035168439723
2,115,0.051827431477
2,116,0.060992050985
2,117,0.042747553852
2,118,0.025539589770
2,119,0.064495800902
2,120,0.028151023454
2,121,0.053986510800
2,122,0.038604428213
2,123,0.034746476039
2,124,0.018550883365
2,125,0.034446761113
2,126,0.014475822763
2,127,0.040086578559
2,128,0.048377758488
2,129,0.034082205700
2,130,0.056486535467
2,131,0.085507048976
2,132,0.045135262016
2,133,0.017526422207
2,134,0.025616339603
2,135,0.042213808509
2,136,0.016609667546
2,137,0.030627478934
2,138,0.038254105107
2,139,0.050286428743
2,140,0.026410574489
2,141,0.038687215368
2,142,0.012228656561
2,143,0.037009500094
2,144,0.037343247903
2,145,0.024286729531
2,146,0.026563839261
2,147,0.031474633343
2,148,0.016542514127
2,149,0.026865260137
2,150,0.041079694021
2,151,0.032691663540
2,152,0.055351532378
2,153,0.032603156733
2,154,0.028547824258
2,155,0.026946370531
2,156,0.010492108807
2,157,0.028699950171
2,158,0.038032440550
2,159,0.045554721195
2,160,0.015065107463
2,161,0.021447880508
2,162,0.070876300776
2,163,0.033633565033
2,164,0.033704549739
2,165,0.025274160940
2,166,0.033602303129
2,167,0.020170100945
2,168,0.023578281590
2,169,0.036456758585
2,170,0.030287917563
2,171,0.032873884950
2,172,0.052204891171
2,173,0.005638195599
2,174,0.035572615723
2,175,0.038377843526
2,176,0.048103097878
2,177,0.018301189890
2,178,0.052829301869
2,179,0.035606821758
2,180,0.055255963903
2,181,0.045501289205
2,182,0.044887797457
2,183,0.015171984803
2,184,0.064171772234
2,185,0.032709810342
2,186,0.051650112228
2,187,0.064114566480
2,188,0.044245903898
2,189,0.037120058957
2,190,0.052940376118
2,191,0.020967077571
2,192,0.014851578851
2,193,0.050982707145
2,194,0.026904150897
2,195,0.036710796514
2,196,0.040315139644
2,197,0.040132948183
2,198,0.022835482280
2,199,0.022361861734
2,200,0.035423536668
2,201,0.031733287236
2,202,0.020616069507
2,203,0.031700904164
2,204,0.049646122858
2,205,0.014638262345
2,206,0.008327316747
2,207,0.042837683873
2,208,0.045259708015
2,209,0.030411585981
2,210,0.039202318011
2,211,0.029659697797
2,212,0.014282437323
2,213,0.006847125270
2,214,0.007687312666
2,215,0.026666715994
2,216,0.015168733927
2,217,0.017765422027
2,218,0.030858184166
2,219,0.050243432884
2,220,0.020864559190
2,221,0.056779745593
2,222,0.026437809056
2,223,0.035803809662
2,224,0.033795644191
2,225,0.020967680121
2,226,0.030594127985
2,227,0.070819105708
2,228,0.038402906323
2,229,0.055601974042
2,230,0.033239446692
2,231,0.025847247905
2,232,0.081842129434
2,233,0.039003417335
2,234,0.061723786994
2,235,0.027438593260
2,236,0.020436295917
2,237,0.028693859537
2,238,0.019168802609
2,239,0.033509051348
2,240,0.030663840955
2,241,0.027303659479
2,242,0.011210712065
2,243,0.074967548917
2,244,0.037943459041
2,245,0.029871547707
2,246,0.038751412999
2,247,0.026285884473
2,248,0.032234997814
2,249,0.025672355239
3,0,0.014305506794
3,1,0.035102758811
3,2,0.014469054899
3,3,0.024842797241
3,4,0.044462624502
3,5,0.033419663938
3,6,0.029069718750
3,7,0.014074985985
3,8,0.034450574105
3,9,0.028179978522
3,10,0.050235252426
3,11,0.050081383553
3,12,0.054837789320
3,13,0.040602280596
3,14,0.047931634969
3,15,0.069263533806
3,16,0.036772822042
3,17,0.060390477226
3,18,0.020863798318
3,19,0.035632767252
3,20,0.063441019380
3,21,0.057069804388
3,22,0.041076809959
3,23,0.016909318959
3,24,0.027915150758
3,25,0.052250005819
3,26,0.010545599273
3,27,0.045995794630
3,28,0.054854225233
3,29,0.043515358335
3,30,0.029202507946
3,31,0.057763720314
3,32,0.003573768703
3,33,0.044112638178
3,34,0.032993538833
3,35,0.021907200255
3,36,0.049325518526
3,37,0.054073964552
3,38,0.011969604967
3,39,0.028219771007
3,40,0.024250388080
3,41,0.026657155448
3,42,0.044310004208
3,43,0.049929987390
3,44,0.012198955635
3,45,0.036417760040
3,46,0.039716332289
3,47,0.029802312817
3,48,0.038340975888
3,49,0.025489877115
3,50,0.024763885905
3,51,0.041023068595
3,52,0.031925548307
3,53,0.033609178791
3,54,0.038246043751
3,55,0.014048144038
3,56,0.027122658757
3,57,0.021762545855
3,58,0.070472913515
3,59,0.067332737916
3,60,0.022290711849
3,61,0.060891069254
3,62,0.011003173016
3,63,0.011794279894
3,64,0.041310790423
3,65,0.017212107428
3,66,0.046467193866
3,67,0.041831104252
3,68,0.056266523989
3,69,0.057258689428
3,70,0.049728182297
3,71,0.021989050907
3,72,0.052116848445
3,73,0.038763351154
3,74,0.027477203873
3,75,0.043802206227
3,76,0.031761566000
3,77,0.001982092640
3,78,0.048725892724
3,79,0.031380260747
3,80,0.007533174053
3,81,0.062341456853
3,82,0.023347098922
3,83,0.031280480286
3,84,0.034942216347
3,85,0.012440178848
3,86,0.038799831627
3,87,0.046506984950
3,88,0.034080200929
3,89,0.065960078921
3,90,0.030991693427
3,91,0.005298153460
3,92,0.033753497721
3,93,0.043910638156
3,94,0.040793175416
3,95,0.063210314296
3,96,0.080056736679
3,97,0.036014023116
3,98,0.031172718591
3,99,0.067519976805
3,100,0.039462257750
3,101,0.003659257691
3,102,0.032862572799
3,103,0.028704854716
3,104,0.029866890691
3,105,0.033403045429
3,106,0.031976093417
3,107,0.031316165839
3,108,0.027480041623
3,109,0.020208840231
3,110,0.005364540239
3,111,0.033782743423
3,112,0.016963331398
3,113,0.027810355279
3,114,0.036774239868
3,115,0.048183006505
3,116,0.035749599573
3,117,0.031319970203
3,118,0.043521831862
3,119,0.026356106475
3,120,0.037235416485
3,121,0.013686678529
3,122,0.040878084406
3,123,0.033614486979
3,124,0.052009888089
3,125,0.055845303903
3,126,0.022871930525
3,127,0.034705497366
3,128,0.028885501856
3,129,0.046986351700
3,130,0.013721597540
3,131,0.037926813546
3,132,0.029377796146
3,133,0.032996573253
3,134,0.010457560460
3,135,0.028505336070
3,136,0.050912597539
3,137,0.017516575274
3,138,0.020515844245
3,139,0.025819258158
3,140,0.061872528033
3,141,0.029292973231
3,142,0.017629064577
3,143,0.031741702250
3,144,0.064341880678
3,145,0.010913491513
3,146,0.028726618973
3,147,0.030518732642
3,148,0.059296054270
3,149,0.025923061942
3,150,0.040160340901
3,151,0.027232101416
3,152,0.071621295508
3,153,0.046376411281
3,154,0.027998518504
3,155,0.003632981680
3,156,0.037219316425
3,157,0.052496643595
3,158,0.036659675639
3,159,0.075204542474
3,160,0.026999847945
3,161,0.013794469342
3,162,0.077088737627
3,163,0.022524892912
3,164,0.024735101445
3,165,0.034141053455
3,166,0.014916926032
3,167,0.019557521282
3,168,0.086965926435
3,169,0.039195230901
3,170,0.059136564687
3,171,0.041741608182
3,172,0.042857821409
3,173,0.012819772780
3,174,0.019733405457
3,175,0.054275596434
3,176,0.020964524933
3,177,0.021595299659
3,178,0.036374002230
3,179,0.039224625238
3,180,0.041750333992
3,181,0.047379300282
3,182,0.014847283291
3,183,0.068568016766
3,184,0.027158403450
3,185,0.017900319073
3,186,0.020536242263
3,187,0.057658801528
3,188,0.038465263586
3,189,0.029250665835
3,190,0.037087035072
3,191,0.038211112442
3,192,0.019409509607
3,193,0.006645956000
3,194,0.054273379865
3,195,0.023948368207
3,196,0.026454174624
3,197,0.060863200888
3,198,0.031087353672
3,199,0.043402956722
3,200,0.034820946447
3,201,0.016131299832
3,202,0.023000270046
3,203,0.028685610297
3,204,0.024457784808
3,205,0.026507757413
3,206,0.013527307187
3,207,0.034046981744
3,208,0.036663271529
3,209,0.027098906774
3,210,0.026850128202
3,211,0.051756433298
3,212,0.052969405696
3,213,0.033904600819
3,214,0.014074132258
3,215,0.060174409668
3,216,0.047212975701
3,217,0.048972385526
3,218,0.087429917104
3,219,0.030807699937
3,220,0.028832894941
3,221,0.049552267964
3,222,0.022092391606
3,223,0.014494441474
3,224,0.035667783312
3,225,0.070698773206
3,226,0.042651353224
3,227,0.016712693258
3,228,0.033874880371
3,229,0.050344993783
3,230,0.011129819881
3,231,0.034557551157
3,232,0.042943485976
3,233,0.050856193189
3,234,0.037357012225
3,235,0.015032578028
3,236,0.019241751523
3,237,0.030029254487
3,238,0.029300199695
3,239,0.031154421348
3,240,0.024211534532
3,241,0.038449610405
3,242,0.055302685775
3,243,0.038735083382
3,244,0.025030426555
3,245,0.031380919423
3,246,0.054639931018
3,247,0.039390816114
3,248,0.040207635456
3,249,0.019188042660
4,0,0.017325021937
4,1,0.028639361072
4,2,0.025027457208
4,3,0.017601485020
4,4,0.047267832866
4,5,0.014198672001
4,6,0.029325384219
4,7,0.014832737225
4,8,0.050945569739
4,9,0.041268297132
4,10,0.052569337635
4,11,0.051437513928
4,12,0.025968198054
4,13,0.027722108963
4,14,0.037691496602
4,15,0.039342373960
4,16,0.043942172287
4,17,0.059485706306
4,18,0.025492329562
4,19,0.065613572428
4,20,0.055519803067
4,21,0.016944544935
4,22,0.034408753345
4,23,0.034889167876
4,24,0.013218252230
4,25,0.031814359647
4,26,0.046683771886
4,27,0.026821687072
4,28,0.014245596363
4,29,0.058464338691
4,30,0.016246769813
4,31,0.016643597426
4,32,0.027498602583
4,33,0.036550506109
4,34,0.021324532299
4,35,0.020187880694
4,36,0.035476940131
4,37,0.045714262077
4,38,0.006859915232
4,39,0.030230144428
4,40,0.018010783643
4,41,0.022859597922
4,42,0.019650300585
4,43,0.062679575077
4,44,0.036208065610
4,45,0.018791549160
4,46,0.043154345705
4,47,0.049711601500
4,48,0.041222610473
4,49,0.025833870142
4,50,0.048296659389
4,51,0.050340871543
4,52,0.059168739301
4,53,0.069277593341
4,54,0.023116995571
4,55,0.015565855931
4,56,0.032746938773
4,57,0.020056748224
4,58,0.084204911888
4,59,0.026781550647
4,60,0.027274385903
4,61,0.012279872045
4,62,0.016934429883
4,63,0.040492982467
4,64,0.059723144693
4,65,0.053703209505
4,66,0.062559808588
4,67,0.024105850200
4,68,0.008203874404
4,69,0.019664735026
4,70,0.030981515143
4,71,0.011226708002
4,72,0.025613708959
4,73,0.015829115884
4,74,0.026723017998
4,75,0.013747134060
4,76,0.010831632118
4,77,0.046896207652
4,78,0.019740546622
4,79,0.010476367922
4,80,0.048605152709
4,81,0.027025282682
4,82,0.052772985703
4,83,0.023178642604
4,84,0.051543020532
4,85,0.063980715328
4,86,0.022591125042
4,87,0.052602495773
4,88,0.036570338555
4,89,0.027737434231
4,90,0.036838049409
4,91,0.057547481007
4,92,0.030511933771
4,93,0.044480843801
4,94,0.031538128054
4,95,0.040954665740
4,96,0.029715259645
4,97,0.055727786863
4,98,0.049957677232
4,99,0.018479963235
4,100,0.031642956549
4,101,0.021614657295
4,102,0.023772518399
4,103,0.019225458146
4,104,0.030940598994
4,105,0.026659651037
4,106,0.066832027713
4,107,0.033748928898
4,108,0.013872541728
4,109,0.018703517454
4,110,0.040927363126
4,111,0.030627614173
4,112,0.080138994789
4,113,0.035503564238
4,114,0.057486215646
4,115,0.027130599123
4,116,0.021495110598
4,117,0.018108097772
4,118,0.013740913403
4,119,0.031884393352
4,120,0.066587319961
4,121,0.017770570840
4,122,0.040733970460
4,123,0.052095335918
4,124,0.056821445835
4,125,0.054443498656
4,126,0.034851167804
4,127,0.043187300206
4,128,0.015562246964
4,129,0.026455004129
4,130,0.024210004275
4,131,0.023546034999
4,132,0.017330766610
4,133,0.053838975746
4,134,0.041143537702
4,135,0.024363777102
4,136,0.023178732577
4,137,0.015262741535
4,138,0.032524055641
4,139,0.020175901433
4,140,0.016795557726
4,141,0.022262283416
4,142,0.029002829128
4,143,0.020803373116
4,144,0.090291706991
4,145,0.048292736694
4,146,0.037695486110
4,147,0.027526109942
4,148,0.052636267560
4,149,0.013122262442
4,150,0.041958939297
4,151,0.018980763558
4,152,0.059779001914
4,153,0.018902086579
4,154,0.045474046734
4,155,0.012515490731
4,156,0.013996063368
4,157,0.012734714614
4,158,0.025612632854
4,159,0.065498665159
4,160,0.056641644132
4,161,0.087778220073
4,162,0.053659474866
4,163,0.042619635180
4,164,0.049822481553
4,165,0.016449992452
4,166,0.028159876963
4,167,0.023870193200
4,168,0.020998032911
4,169,0.028285589085
4,170,0.026931553295
4,171,0.007431416598
4,172,0.063888445024
4,173,0.022412884197
4,174,0.013952476174
4,175,0.001998216793
4,176,0.031134683926
4,177,0.046402899754
4,178,0.057024478363
4,179,0.016882953492
4,180,0.073432031131
4,181,0.048573590763
4,182,0.049569569868
4,183,0.024791981279
4,184,0.018924475153
4,185,0.016628576360
4,186,0.019701050066
4,187,0.033750146785
4,188,0.019368971906
4,189,0.016467080199
4,190,0.047736367779
4,191,0.065977953009
4,192,0.035741859019
4,193,0.014502210330
4,194,0.010185644360
4,195,0.023253390560
4,196,0.047152980604
4,197,0.019022125217
4,198,0.015216659050
4,199,0.054258996656
4,200,0.024245069687
4,201,0.091444743647
4,202,0.040451620874
4,203,0.024288807494
4,204,0.067016636871
4,205,0.043064246862
4,206,0.050409083003
4,207,0.025870162052
4,208,0.014067974157
4,209,0.034144099483
4,210,0.035906584749
4,211,0.026906676819
4,212,0.026365198597
4,213,0.056572400754
4,214,0.059167494360
4,215,0.056027734443
4,216,0.031751139985
4,217,0.020635719560
4,218,0.047468762500
4,219,0.010609077940
4,220,0.024828209775
4,221,0.035849718407
4,222,0.021276487751
4,223,0.040152670314
4,224,0.058804550148
4,225,0.007926302307
4,226,0.051815514792
4,227,0.034615929412
4,228,0.006963152517
4,229,0.048308748681
4,230,0.042343571869
4,231,0.006197841774
4,232,0.034479346923
4,233,0.052522304727
4,234,0.037478467926
4,235,0.007157965218
4,236,0.000089081147
4,237,0.041905559671
4,238,0.015503484596
4,239,0.016680354232
4,240,0.050503555779
4,241,0.038565020418
4,242,0.019790981068
4,243,0.046589871713
4,244,0.036918597827
4,245,0.027575859631
4,246,0.028688451400
4,247,0.087308636090
4,248,0.041666167937
4,249,0.028410222983
6,0,0.011111666990
6,1,0.025712198175
6,2,0.045758334229
6,3,0.022318158743
6,4,0.062021469899
6,5,0.039097089193
6,6,0.018400414137
6,7,0.051304769121
6,8,0.019794998363
6,9,0.029470029581
6,10,0.037816107143
6,11,0.045350423875
6,12,0.018630498951
6,13,0.049843780808
6,14,0.037502370389
6,15,0.047945486316
6,16,0.027928342698
6,17,0.014433275119
6,18,0.034179615156
6,19,0.006693230597
6,20,0.014011543841
6,21,0.052415845756
6,22,0.033459696829
6,23,0.010309480416
6,24,0.024030419142
6,25,0.037506473324
6,26,0.014919333500
6,27,0.047742333575
6,28,0.035116045985
6,29,0.033180794271
6,30,0.035411417246
6,31,0.045577325307
6,32,0.045093516939
6,33,0.028402840378
6,34,0.028730950750
6,35,0.028175553805
6,36,0.032621118251
6,37,0.043437567330
6,38,0.046751667876
6,39,0.010612967910
6,40,0.013318365467
6,41,0.029419427001
6,42,0.023301239278
6,43,0.038592137580
6,44,0.048036662739
6,45,0.047105534404
6,46,0.019842518630
6,47,0.014629628445
6,48,0.040571493257
6,49,0.016783737271
6,50,0.016068834695
6,51,0.011069782308
6,52,0.041270130607
6,53,0.031366584236
6,54,0.032555816335
6,55,0.039977511997
6,56,0.018104488386
6,57,0.003739513418
6,58,0.045132589977
6,59,0.017888320591
6,60,0.053123505303
6,61,0.011989327098
6,62,0.030983382150
6,63,0.078445821263
6,64,0.025451015209
6,65,0.029275079875
6,66,0.049061242342
6,67,0.016516560567
6,68,0.017873651006
6,69,0.004570193309
6,70,0.020962194702
6,71,0.075595425505
6,72,0.015634754689
6,73,0.035916383987
6,74,0.035400010441
6,75,0.030380780031
6,76,0.035296656190
6,77,0.046062529332
6,78,0.026996944692
6,79,0.036843878121
6,80,0.019818904346
6,81,0.030057864215
6,82,0.067196412319
6,83,0.005893654545
6,84,0.047333930293
6,85,0.027178919933
6,86,0.017714316461
6,87,0.026378617873
6,88,0.035483685425
6,89,0.023760191934
6,90,0.027580446228
6,91,0.031286423729
6,92,0.018995974225
6,93,0.045911719335
6,94,0.025172219467
6,95,0.029900616871
6,96,0.046654291506
6,97,0.021911458891
6,98,0.056515042869
6,99,0.013114699652
6,100,0.017201786761
6,101,0.034617102069
6,102,0.018204315538
6,103,0.035776652572
6,104,0.032138872546
6,105,0.004982655305
6,106,0.033534696832
6,107,0.020330547678
6,108,0.012892963241
6,109,0.036916780953
6,110,0.072155596180
6,111,0.007660927702
6,112,0.008977439489
6,113,0.054231588997
6,114,0.029106449163
6,115,0.037857545511
6,116,0.034528802641
6,117,0.037920752842
6,118,0.020648220546
6,119,0.039279302506
6,120,0.043910055910
6,121,0.038519862543
6,122,0.033388241122
6,123,0.029285168840
6,124,0.027793817739
6,125,0.015019266964
6,126,0.040202821403
6,127,0.027619843311
6,128,0.017089702251
6,129,0.022172213502
6,130,0.010299360958
6,131,0.029554551574
6,132,0.020881093124
6,133,0.026126263389
6,134,0.011563922564
6,135,0.046951740870
6,136,0.038568799098
6,137,0.015979799903
6,138,0.081483880662
6,139,0.030970998221
6,140,0.021001380004
6,141,0.047279756900
6,142,0.025057918824
6,143,0.020782519123
6,144,0.067538115013
6,145,0.023353301368
6,146,0.059453497984
6,147,0.026941367659
6,148,0.032382103539
6,149,0.053131288126
6,150,0.023600477676
6,151,0.036997448586
6,152,0.037144704781
6,153,0.038785452695
6,154,0.030041498960
6,155,0.029829953633
6,156,0.037397252330
6,157,0.049629256758
6,158,0.017431858227
6,159,0.021330057746
6,160,0.021374370368
6,161,0.006155441093
6,162,0.045461706148
6,163,0.033731569708
6,164,0.072887671008
6,165,0.030117784557
6,166,0.058610260734
6,167,0.041001413431
6,168,0.033281494381
6,169,0.026049634319
6,170,0.026587919686
6,171,0.016520536835
6,172,0.026004327726
6,173,0.046911573148
6,174,0.022875085279
6,175,0.010031802259
6,176,0.042454800466
6,177,0.050439236725
6,178,0.020245269434
6,179,0.014109589397
6,180,0.014134247851
6,181,0.011040513409
6,182,0.010333194466
6,183,0.010429086855
6,184,0.008620945094
6,185,0.044750452799
6,186,0.014325123846
6,187,0.045984296027
6,188,0.072133791207
6,189,0.009926275370
6,190,0.060975012756
6,191,0.058773401485
6,192,0.087511908297
6,193,0.032473383747
6,194,0.005820083843
6,195,0.014941734228
6,196,0.034322040820
6,197,0.013418799559
6,198,0.013842473621
6,199,0.003285519801
6,200,0.018519827465
6,201,0.030578308087
6,202,0.070113057559
6,203,0.056636011324
6,204,0.052306880444
6,205,0.066154661995
6,206,0.049824921823
6,207,0.016626927937
6,208,0.023792185834
6,209,0.091168523726
6,210,0.014929672908
6,211,0.042289652354
6,212,0.083400932528
6,213,0.026701441700
6,214,0.021625311484
6,215,0.061376069246
6,216,0.031005754784
6,217,0.034237060783
6,218,0.009397965166
6,219,0.023183749836
6,220,0.015918930154
6,221,0.017224210600
6,222,0.031875679543
6,223,0.017121822805
6,224,0.020039364035
6,225,0.056307506789
6,226,0.081097923155
6,227,0.038507613962
6,228,0.052129356496
6,229,0.034397545604
6,230,0.028084425927
6,231,0.018900124283
6,232,0.037784414314
6,233,0.017974282039
6,234,0.039498094011
6,235,0.030780690809
6,236,0.066311313759
6,237,0.050414983819
6,238,0.013838065277
6,239,0.044614188818
6,240,0.057697079406
6,241,0.024134243852
6,242,0.020875023237
6,243,0.063982395762
6,244,0.051442509314
6,245,0.071855066812
6,246,0.043280082992
6,247,0.042687212237
6,248,0.077022385321
6,249,0.032900450229
8,0,0.064733617195
8,1,0.052586804221
8,2,0.016772822027
8,3,0.057414776288
8,4,0.006731848786
8,5,0.050272278747
8,6,0.030475092148
8,7,0.017716210101
8,8,0.050793616327
8,9,0.017007709569
8,10,0.024629880789
8,11,0.052424592113
8,12,0.011299705809
8,13,0.019071574701
8,14,0.024538146312
8,15,0.031104600204
8,16,0.004039776181
8,17,0.013800863757
8,18,0.044440467689
8,19,0.050189961352
8,20,0.028377361059
8,21,0.034311302470
8,22,0.040106114859
8,23,0.061981186098
8,24,0.028097308053
8,25,0.019981667486
8,26,0.063698232557
8,27,0.031032269866
8,28,0.026613903267
8,29,0.031120067673
8,30,0.013118854535
8,31,0.013438656348
8,32,0.007109148361
8,33,0.034550308503
8,34,0.038512908809
8,35,0.057518148883
8,36,0.050471958542
8,37,0.041187783362
8,38,0.027813257698
8,39,0.039701346936
8,40,0.013473657501
8,41,0.051219837386
8,42,0.018100777497
8,43,0.058994752249
8,44,0.044798790888
8,45,0.030455562588
8,46,0.037282784690
8,47,0.022895674092
8,48,0.077967461244
8,49,0.059387460527
8,50,0.039902137733
8,51,0.018604248217
8,52,0.050422012198
8,53,0.032116978499
8,54,0.012204838770
8,55,0.043597899624
8,56,0.051314368052
8,57,0.035828134688
8,58,0.041750513815
8,59,0.027173347947
8,60,0.019641464356
8,61,0.045773939209
8,62,0.038848442324
8,63,0.016080251036
8,64,0.026427344569
8,65,0.028408755282
8,66,0.075773560411
8,67,0.024467225424
8,68,0.020403079254
8,69,0.027104009425
8,70,0.010572134311
8,71,0.038915007649
8,72,0.020078334899
8,73,0.018547398800
8,74,0.074507283415
8,75,0.045773465694
8,76,0.013670819828
8,77,0.022952855258
8,78,0.044528497398
8,79,0.087215616160
8,80,0.030310447580
8,81,0.040585868509
8,82,0.044848600266
8,83,0.040462327394
8,84,0.036386351794
8,85,0.014948322256
8,86,0.038722286407
8,87,0.064852770444
8,88,0.025457042052
8,89,0.003332367535
8,90,0.044382927014
8,91,0.037502855498
8,92,0.014256074160
8,93,0.038729428711
8,94,0.035336496578
8,95,0.027810137976
8,96,0.017464512073
8,97,0.041015174707
8,98,0.004224172588
8,99,0.014150161092
8,100,0.072625751033
8,101,0.026946216782
8,102,0.041955135070
8,103,0.046441542548
8,104,0.027272397883
8,105,0.021036272058
8,106,0.024023957833
8,107,0.028393871900
8,108,0.023939941704
8,109,0.022321598611
8,110,0.042472699562
8,111,0.011132601357
8,112,0.020507573048
8,113,0.014641569222
8,114,0.021034833684
8,115,0.050268241837
8,116,0.050677085767
8,117,0.013300898737
8,118,0.029618599559
8,119,0.063815777453
8,120,0.056943811941
8,121,0.082612597367
8,122,0.008392390326
8,123,0.059409887017
8,124,0.034638142726
8,125,0.048669351506
8,126,0.035146772481
8,127,0.041317683209
8,128,0.053187400449
8,129,0.022980178329
8,130,0.008960443764
8,131,0.010840967048
8,132,0.043201032485
8,133,0.025496569995
8,134,0.037034383367
8,135,0.030247367721
8,136,0.029289813745
8,137,0.037373425627
8,138,0.009018013506
8,139,0.057033611321
8,140,0.022035889750
8,141,0.012745237516
8,142,0.037393266953
8,143,0.056529869408
8,144,0.023623412402
8,145,0.027633826922
8,146,0.038777819107
8,147,0.039620157776
8,148,0.020693007924
8,149,0.052011004597
8,150,0.035322749031
8,151,0.039912507753
8,152,0.038677495285
8,153,0.042601497366
8,154,0.066772617762
8,155,0.011798686578
8,156,0.022049747855
8,157,0.050245440930
8,158,0.019153187732
8,159,0.015607510258
8,160,0.083175898585
8,161,0.033329821960
8,162,0.022592568962
8,163,0.030480706856
8,164,0.036900746451
8,165,0.039070417100
8,166,0.053311674037
8,167,0.015854442297
8,168,0.012411151311
8,169,0.032969060316
8,170,0.023750653211
8,171,0.027690780502
8,172,0.028785147674
8,173,0.096668989201
8,174,0.059768398301
8,175,0.026704303758
8,176,0.041225341050
8,177,0.042550096551
8,178,0.039343476590
8,179,0.018921249334
8,180,0.031534495328
8,181,0.024024077387
8,182,0.020056686941
8,183,0.017692926225
8,184,0.023010500693
8,185,0.010782149721
8,186,0.009983314116
8,187,0.016384638130
8,188,0.066019260161
8,189,0.032707969998
8,190,0.026966820254
8,191,0.014544726067
8,192,0.048239496877
8,193,0.041111355921
8,194,0.034200334541
8,195,0.047037158481
8,196,0.038882884812
8,197,0.029868749816
8,198,0.038295656566
8,199,0.041024941591
8,200,0.059219219200
8,201,0.033335452877
8,202,0.051535158050
8,203,0.075285074496
8,204,0.024949614201
8,205,0.046027923023
8,206,0.023181707419
8,207,0.042555322439
8,208,0.019746736478
8,209,0.037862485230
8,210,0.031688065848
8,211,0.044432097872
8,212,0.026592436664
8,213,0.056165540038
8,214,0.044864695367
8,215,0.071288429077
8,216,0.029851438317
8,217,0.043078436448
8,218,0.068406905191
8,219,0.013691088834
8,220,0.053941262060
8,221,0.030853503737
8,222,0.053473014733
8,223,0.031622902296
8,224,0.014287175368
8,225,0.056028650996
8,226,0.028140340394
8,227,0.020778648141
8,228,0.017277159445
8,229,0.040336555301
8,230,0.040347986427
8,231,0.053639064928
8,232,0.029919973848
8,233,0.019976710787
8,234,0.029221550184
8,235,0.003297658640
8,236,0.008746055115
8,237,0.033700181841
8,238,0.058071978747
8,239,0.025281744444
8,240,0.036975154451
8,241,0.051195671785
8,242,0.057185911148
8,243,0.061006076052
8,244,0.006249041411
8,245,0.019891393180
8,246,0.024955075381
8,247,0.035665664559
8,248,0.027725215104
8,249,0.040890036232
