alpha,beta,strength,score,goal_separation,action_separation,alias_margin_h8,outcome_axis_gap,signed_probe_gap,information_margin
0.64,2.02,0.45,2.826949432637605,0.6399999999999997,1.2800000000000002,0.10000000000000009,0.5563548468011669,0.5333125820372681,0.5333125820372681
0.64,2.02,0.42000000000000004,2.8163141406630468,0.6399999999999997,1.2800000000000002,0.10000000000000009,0.5192645236810891,0.5419692580521157,0.5192645236810891
0.64,2.02,0.48000000000000004,2.801484424151901,0.6399999999999997,1.2800000000000002,0.10000000000000009,0.5934451699212447,0.5239007418716103,0.5239007418716103
0.64,2.02,0.51,2.7738639151732785,0.6399999999999997,1.2800000000000002,0.10000000000000009,0.6305354930413225,0.5136922310067168,0.5136922310067168
0.64,2.02,0.39,2.7702479975406282,0.6399999999999997,1.2800000000000002,0.10000000000000009,0.48217420056101135,0.5499064346564172,0.48217420056101135
0.64,2.02,0.54,2.743956578392056,0.6399999999999997,1.2800000000000002,0.10000000000000009,0.6676258161614003,0.5026385110080219,0.5026385110080219
0.64,2.02,0.36,2.7233514744475786,0.6399999999999997,1.2800000000000002,0.10000000000000009,0.4450838774409335,0.5571548624648026,0.4450838774409335
0.64,2.02,0.5700000000000001,2.7116078750694244,0.6399999999999997,1.2800000000000002,0.10000000000000009,0.7047161392814781,0.4906824645213373,0.4906824645213373
0.6699999999999999,1.93,0.48000000000000004,2.7097904681995395,0.5899999999999999,1.2599999999999998,0.08000000000000007,0.5449682437544684,0.5447714379033695,0.5447714379033695
0.6699999999999999,1.93,0.51,2.6815599427325734,0.5899999999999999,1.2599999999999998,0.08000000000000007,0.5790287589891226,0.5341562493795803,0.5341562493795803
0.64,2.02,0.6000000000000001,2.67663452963487,0.6399999999999997,1.2800000000000002,0.10000000000000009,0.741806462401556,0.47775635308991365,0.47775635308991365
0.64,2.02,0.33,2.6756566025290676,0.6399999999999997,1.2800000000000002,0.10000000000000009,0.40799355432085577,0.5637411093298788,0.40799355432085577
0.6699999999999999,1.93,0.45,2.6703421523614237,0.5899999999999999,1.2599999999999998,0.08000000000000007,0.5109077285198141,0.5545582186627268,0.5109077285198141
0.6699999999999999,1.93,0.54,2.6509920834181453,0.5899999999999999,1.2599999999999998,0.08000000000000007,0.613089274223777,0.5226621810254148,0.5226621810254148
0.64,2.02,0.63,2.638817104954288,0.6399999999999997,1.2800000000000002,0.10000000000000009,0.7788967855216337,0.46377907298139687,0.46377907298139687
0.6699999999999999,1.93,0.42000000000000004,2.6296881750691528,0.5899999999999999,1.2599999999999998,0.08000000000000007,0.4768472132851599,0.5635597517073734,0.4768472132851599
0.64,2.02,0.3,2.6271910718213674,0.6399999999999997,1.2800000000000002,0.10000000000000009,0.3709032312007779,0.5696881424230807,0.3709032312007779
0.6699999999999999,1.93,0.5700000000000001,2.617928938431219,0.5899999999999999,1.2599999999999998,0.08000000000000007,0.6471497894584313,0.5102298400958674,0.5102298400958674
0.7,2.02,0.48000000000000004,2.611407180733015,0.6199999999999992,1.32,0.06318530717958737,0.5755634560333388,0.5651518764119847,0.5651518764119847
0.58,2.065,0.39,2.6037519394097948,0.5799999999999992,1.1600000000000001,0.08818530717958595,0.5112094291123839,0.5046285827301209,0.5046285827301209
0.64,2.02,0.66,2.5978898174837974,0.6399999999999997,1.2800000000000002,0.10000000000000009,0.8159871086417115,0.4486523908794672,0.4486523908794672
0.6699999999999999,1.93,0.39,2.5881667437748694,0.5899999999999999,1.2599999999999998,0.08000000000000007,0.4427866980505056,0.5718131225580639,0.4427866980505056
0.7,2.02,0.45,2.584412724399138,0.6199999999999992,1.32,0.06318530717958737,0.5395907400312551,0.575304790322946,0.5395907400312551
0.58,2.065,0.42000000000000004,2.583257122366772,0.5799999999999992,1.1600000000000001,0.08818530717958595,0.5505332313517981,0.497344932406571,0.497344932406571
0.7,2.02,0.51,2.582580968207457,0.6199999999999992,1.32,0.06318530717958737,0.6115361720354224,0.5541395631824675,0.5541395631824675
0.6699999999999999,1.93,0.6000000000000001,2.5821831844438705,0.5899999999999999,1.2599999999999998,0.08000000000000007,0.6812103046930856,0.49678878962924766,0.49678878962924766
0.58,1.93,0.42000000000000004,2.5816123851357666,0.5800000000000001,1.1600000000000001,0.08681469282041387,0.49895642657958167,0.497344932406571,0.497344932406571
0.64,2.02,0.27,2.5779787940799666,0.6399999999999997,1.2800000000000002,0.10000000000000009,0.33381290808070013,0.5750157950657592,0.33381290808070013
0.58,2.065,0.36,2.563376467211135,0.5799999999999992,1.1600000000000001,0.08818530717958595,0.4718856268729697,0.511280194025145,0.4718856268729697
0.9099999999999999,2.425,0.45,2.5618103174850004,0.3868146928204137,1.4331853071795866,0.0818146928204122,0.6155072379205196,0.5865582891322594,0.5865582891322594
0.58,2.065,0.45,2.560904464744302,0.5799999999999992,1.1600000000000001,0.08818530717958595,0.5898570335912122,0.48940102436473154,0.48940102436473154
0.58,1.93,0.45,2.559259727513297,0.5800000000000001,1.1600000000000001,0.08681469282041387,0.534596171335266,0.48940102436473154,0.48940102436473154
0.58,1.8399999999999999,0.45,2.554904464744305,0.5800000000000001,1.1600000000000001,0.08318530717958694,0.49609193648587524,0.48940102436473154,0.48940102436473154
0.9099999999999999,2.425,0.42000000000000004,2.5541198124350495,0.3868146928204137,1.4331853071795866,0.0818146928204122,0.5744734220591518,0.5960792440916278,0.5744734220591518
0.64,2.02,0.69,2.5535262260929943,0.6399999999999997,1.2800000000000002,0.10000000000000009,0.8530774317617892,0.4322556544880695,0.4322556544880695
0.7,2.02,0.54,2.5513681021883614,0.6199999999999992,1.32,0.06318530717958737,0.6475088880375062,0.5422154903585239,0.5422154903585239
0.6699999999999999,1.93,0.36,2.545814932509955,0.5899999999999999,1.2599999999999998,0.08000000000000007,0.40872618281585127,0.5793503068453131,0.40872618281585127
0.6699999999999999,1.93,0.63,2.5435305379134774,0.5899999999999999,1.2599999999999998,0.08000000000000007,0.7152708199277398,0.48225469495419016,0.48225469495419016
0.7,2.02,0.42000000000000004,2.540890445955723,0.6199999999999992,1.32,0.06318530717958737,0.5036180240291714,0.5846430796252365,0.5036180240291714
0.58,1.93,0.39,2.5401393508194543,0.5800000000000001,1.1600000000000001,0.08681469282041387,0.46331668182389724,0.5046285827301209,0.46331668182389724
0.58,2.065,0.48000000000000004,2.536601875568097,0.5799999999999992,1.1600000000000001,0.08818530717958595,0.6291808358306263,0.4807641304054059,0.4807641304054059
0.58,1.93,0.48000000000000004,2.5349571383370915,0.5800000000000001,1.1600000000000001,0.08681469282041387,0.5702359160909505,0.4807641304054059,0.4807641304054059
0.9099999999999999,2.425,0.48000000000000004,2.534935797668893,0.3868146928204137,1.4331853071795866,0.0818146928204122,0.6565410537818877,0.5762067747463326,0.5762067747463326
0.58,1.8399999999999999,0.48000000000000004,2.5306018755680992,0.5800000000000001,1.1600000000000001,0.08318530717958694,0.5291647322516003,0.4807641304054059,0.4807641304054059
0.64,2.02,0.24,2.5280403567728014,0.6399999999999997,1.2800000000000002,0.10000000000000009,0.2967225849606223,0.5797411432884703,0.2967225849606223
0.58,1.8399999999999999,0.42000000000000004,2.5257684348371434,0.5800000000000001,1.1600000000000001,0.08318530717958694,0.46301914072015027,0.497344932406571,0.46301914072015027
0.7,2.02,0.5700000000000001,2.517607297938659,0.6199999999999992,1.32,0.06318530717958737,0.6834816040395898,0.5293180432537924,0.5293180432537924
0.58,2.065,0.33,2.5123313766136195,0.5799999999999992,1.1600000000000001,0.08818530717958595,0.43256182463355564,0.5173241466170267,0.43256182463355564
0.64,2.065,0.42000000000000004,2.5115200054191065,0.6399999999999997,1.2800000000000002,0.056814692820413626,0.5360991366988225,0.5419692580521157,0.5360991366988225
0.58,2.065,0.51,2.510242179559277,0.5799999999999992,1.1600000000000001,0.08818530717958595,0.6685046380700405,0.4713961615203811,0.4713961615203811
0.58,1.93,0.51,2.5085974423282718,0.5800000000000001,1.1600000000000001,0.08681469282041387,0.6058756608466348,0.4713961615203811,0.4713961615203811
0.7,2.155,0.45,2.506352767271423,0.5731853071795872,1.4000000000000004,0.05500000000000016,0.592369869297068,0.575304790322946,0.575304790322946
0.9099999999999999,2.425,0.51,2.505786468451364,0.3868146928204137,1.4331853071795866,0.0818146928204122,0.6975748696432555,0.5649790503888347,0.5649790503888347
0.64,2.02,0.72,2.505318545495116,0.6399999999999997,1.2800000000000002,0.10000000000000009,0.890167754881867,0.4144381467971127,0.4144381467971127
0.58,1.8399999999999999,0.51,2.5042421795592795,0.5800000000000001,1.1600000000000001,0.08318530717958694,0.5622375280173253,0.4713961615203811,0.4713961615203811
0.7,2.2,0.42000000000000004,2.503530768747858,0.4831853071795855,1.4000000000000004,0.06637061435917069,0.5684041879067305,0.5846430796252365,0.5684041879067305
0.7,2.2,0.45,2.5034448768124706,0.4831853071795855,1.4000000000000004,0.06637061435917069,0.6090044870429255,0.575304790322946,0.575304790322946
0.6699999999999999,1.93,0.33,2.502664772419579,0.5899999999999999,1.2599999999999998,0.08000000000000007,0.374665667581197,0.5861989308084251,0.374665667581197
0.9099999999999999,2.425,0.39,2.5021384302006955,0.3868146928204137,1.4331853071795866,0.0818146928204122,0.5334396061977837,0.6048088651175844,0.5334396061977837
0.6699999999999999,1.93,0.66,2.501699345297738,0.5899999999999999,1.2599999999999998,0.08000000000000007,0.749331335162394,0.4665254094220943,0.4665254094220943
0.64,2.065,0.45,2.4969033778670644,0.6399999999999997,1.2800000000000002,0.056814692820413626,0.5743919321773098,0.5333125820372681,0.5333125820372681
0.7,2.02,0.39,2.4965007135102955,0.6199999999999992,1.32,0.06318530717958737,0.46764530802708776,0.5932052172456365,0.46764530802708776
0.58,1.93,0.36,2.4954186952729946,0.5800000000000001,1.1600000000000001,0.08681469282041387,0.4276769370682128,0.511280194025145,0.4276769370682128
0.8799999999999999,2.425,0.42000000000000004,2.492509948333212,0.3268146928204132,1.4331853071795866,0.10318530717958652,0.5843036878372546,0.5960792440916278,0.5843036878372546
0.58,1.8399999999999999,0.39,2.485728582746254,0.5800000000000001,1.1600000000000001,0.08318530717958694,0.42994634495442524,0.5046285827301209,0.42994634495442524
0.8799999999999999,2.425,0.45,2.485455054716009,0.3268146928204132,1.4331853071795866,0.10318530717958652,0.6260396655399156,0.5865582891322594,0.5865582891322594
0.7,2.155,0.42000000000000004,2.4831501943626098,0.5731853071795872,1.4000000000000004,0.05500000000000016,0.5528785446772635,0.5846430796252365,0.5528785446772635
0.58,2.065,0.54,2.4817000441990427,0.5799999999999992,1.1600000000000001,0.08818530717958595,0.7078284403094547,0.461252575802345,0.461252575802345
0.7,2.02,0.6000000000000001,2.481107279455781,0.6199999999999992,1.32,0.06318530717958737,0.7194543200416735,0.5153741497901527,0.5153741497901527
0.58,1.93,0.54,2.4800553069680378,0.5800000000000001,1.1600000000000001,0.08681469282041387,0.6415154056023192,0.461252575802345,0.461252575802345
0.7,2.155,0.48000000000000004,2.4797761481677636,0.5731853071795872,1.4000000000000004,0.05500000000000016,0.6318611939168726,0.5651518764119847,0.5651518764119847
0.64,2.02,0.21,2.477393390612211,0.6399999999999997,1.2800000000000002,0.10000000000000009,0.25963226184054455,0.5838788106759886,0.25963226184054455
0.7,2.2,0.48000000000000004,2.4768682577088117,0.4831853071795855,1.4000000000000004,0.06637061435917069,0.6496047861791205,0.5651518764119847,0.5651518764119847
0.58,1.8399999999999999,0.54,2.4757000441990455,0.5800000000000001,1.1600000000000001,0.08318530717958694,0.5953103237830504,0.461252575802345,0.461252575802345
0.9099999999999999,2.425,0.54,2.4742237334369546,0.3868146928204137,1.4331853071795866,0.0818146928204122,0.7386086855046236,0.5528217315680152,0.5528217315680152
0.64,1.975,0.45,2.472949432637607,0.6399999999999997,1.2800000000000002,0.05500000000000016,0.5379221193909776,0.5333125820372681,0.5333125820372681
0.64,2.155,0.42000000000000004,2.4724172969901197,0.6399999999999997,1.2800000000000002,0.053185307179585806,0.5685250443291813,0.5419692580521157,0.5419692580521157
0.64,2.065,0.48000000000000004,2.4714383693813606,0.6399999999999997,1.2800000000000002,0.056814692820413626,0.6126847276557971,0.5239007418716103,0.5239007418716103
0.64,2.065,0.39,2.4636501537590734,0.6399999999999997,1.2800000000000002,0.056814692820413626,0.49780634122033507,0.5499064346564172,0.49780634122033507
0.64,2.155,0.39,2.460906920356718,0.6399999999999997,1.2800000000000002,0.053185307179585806,0.5279161125913826,0.5499064346564172,0.5279161125913826
0.58,2.065,0.3,2.460515627226915,0.5799999999999992,1.1600000000000001,0.08818530717958595,0.39323802239414146,0.5227815166206106,0.39323802239414146
0.6699999999999999,1.93,0.3,2.4587439535400146,0.5899999999999999,1.2599999999999998,0.08000000000000007,0.3406051523465427,0.5923828765647694,0.3406051523465427
0.8799999999999999,2.425,0.48000000000000004,2.4585805348999017,0.3268146928204132,1.4331853071795866,0.10318530717958652,0.6677756432425767,0.5762067747463326,0.5762067747463326
0.6699999999999999,1.93,0.69,2.4563559558064916,0.5899999999999999,1.2599999999999998,0.08000000000000007,0.7833918503970483,0.44947547429706775,0.44947547429706775
0.7,2.2,0.39,2.4521996616012633,0.4831853071795855,1.4000000000000004,0.06637061435917069,0.5278038887705354,0.5932052172456365,0.5278038887705354
0.7,2.02,0.36,2.4512806010942367,0.6199999999999992,1.32,0.06318530717958737,0.431672592025004,0.6010243750546355,0.431672592025004
0.7,2.155,0.51,2.4509499356422055,0.5731853071795872,1.4000000000000004,0.05500000000000016,0.671352518536677,0.5541395631824675,0.5541395631824675
0.58,2.065,0.5700000000000001,2.450827985088038,0.5799999999999992,1.1600000000000001,0.08818530717958595,0.7471522425488688,0.4502809587900786,0.4502809587900786
0.58,1.93,0.33,2.4498996909010735,0.5800000000000001,1.1600000000000001,0.08681469282041387,0.3920371923125284,0.5173241466170267,0.3920371923125284
0.9099999999999999,2.425,0.36,2.4493266679957104,0.3868146928204137,1.4331853071795866,0.0818146928204122,0.4924057903364157,0.6127809729533752,0.4924057903364157
0.58,1.93,0.5700000000000001,2.4491832478570332,0.5800000000000001,1.1600000000000001,0.08681469282041387,0.6771551503580037,0.4502809587900786,0.4502809587900786
0.64,2.155,0.45,2.4489954874081374,0.6399999999999997,1.2800000000000002,0.053185307179585806,0.6091339760669799,0.5333125820372681,0.5333125820372681
0.7,2.2,0.51,2.448042045183253,0.4831853071795855,1.4000000000000004,0.06637061435917069,0.6902050853153155,0.5541395631824675,0.5541395631824675
0.64,1.975,0.48000000000000004,2.447484424151903,0.6399999999999997,1.2800000000000002,0.05500000000000016,0.5737835940170428,0.5239007418716103,0.5239007418716103
0.58,1.8399999999999999,0.36,2.4448583506847332,0.5800000000000001,1.1600000000000001,0.08318530717958694,0.39687354918870016,0.511280194025145,0.39687354918870016
0.58,1.8399999999999999,0.5700000000000001,2.444827985088041,0.5800000000000001,1.1600000000000001,0.08318530717958694,0.6283831195487753,0.4502809587900786,0.4502809587900786
0.64,2.065,0.51,2.443817860402738,0.6399999999999997,1.2800000000000002,0.056814692820413626,0.6509775231342844,0.5136922310067168,0.5136922310067168
0.7,2.02,0.63,2.441639030631855,0.6199999999999992,1.32,0.06318530717958737,0.755427036043757,0.5002963202527401,0.5002963202527401
0.9099999999999999,2.425,0.5700000000000001,2.440084500027411,0.3868146928204137,1.4331853071795866,0.0818146928204122,0.7796425013659916,0.5396719983567229,0.5396719983567229
0.8799999999999999,2.425,0.39,2.4394753233369184,0.3268146928204132,1.4331853071795866,0.10318530717958652,0.5425677101345935,0.6048088651175844,0.5425677101345935
