gamma,self_value,edge_value,diagonal_value,edge_excess,diagonal_excess,analytic_regime,numerical_policy_00_10_01_11,analytic_numerical_max_error
0.0,1.0,1.0,1.0,0.0,0.0,SIC/SIC/SIC,X/X/X/X,0.0
0.002,1.0010016694490818,1.001669449081803,1.001669449081803,0.0006677796327212437,0.0006677796327212437,SIC/SIC/SIC,SIC/SIC/SIC/SIC,0.0
0.004,1.0020066889632107,1.0033444816053512,1.0033444816053512,0.0013377926421405117,0.0013377926421405117,SIC/SIC/SIC,SIC/SIC/SIC/SIC,0.0
0.006,1.0030150753768845,1.0050251256281408,1.0050251256281408,0.0020100502512563345,0.0020100502512563345,SIC/SIC/SIC,SIC/SIC/SIC/SIC,2.220446049250313e-16
0.008,1.0040268456375838,1.0067114093959733,1.0067114093959733,0.0026845637583894355,0.0026845637583894355,SIC/SIC/SIC,SIC/SIC/SIC/SIC,0.0
0.01,1.0050420168067227,1.0084033613445378,1.0084033613445378,0.003361344537815114,0.003361344537815114,SIC/SIC/SIC,SIC/SIC/SIC/SIC,0.0
0.012,1.006060606060606,1.01010101010101,1.01010101010101,0.004040404040403844,0.004040404040403844,SIC/SIC/SIC,SIC/SIC/SIC/SIC,0.0
0.014,1.0070826306913998,1.0118043844856661,1.0118043844856661,0.004721753794266315,0.004721753794266315,SIC/SIC/SIC,SIC/SIC/SIC/SIC,2.220446049250313e-16
0.016,1.008108108108108,1.0135135135135136,1.0135135135135136,0.005405405405405572,0.005405405405405572,SIC/SIC/SIC,SIC/SIC/SIC/SIC,0.0
0.018000000000000002,1.0091370558375634,1.015228426395939,1.015228426395939,0.006091370558375608,0.006091370558375608,SIC/SIC/SIC,SIC/SIC/SIC/SIC,0.0
0.02,1.0101694915254236,1.0169491525423728,1.0169491525423728,0.006779661016949268,0.006779661016949268,SIC/SIC/SIC,SIC/SIC/SIC/SIC,0.0
0.022,1.0112054329371818,1.0186757215619695,1.0186757215619695,0.007470288624787713,0.007470288624787713,SIC/SIC/SIC,SIC/SIC/SIC/SIC,2.220446049250313e-16
0.024,1.0122448979591836,1.0204081632653061,1.0204081632653061,0.008163265306122547,0.008163265306122547,SIC/SIC/SIC,SIC/SIC/SIC/SIC,0.0
0.026000000000000002,1.0132879045996592,1.0221465076660987,1.0221465076660987,0.008858603066439485,0.008858603066439485,SIC/SIC/SIC,SIC/SIC/SIC/SIC,0.0
0.028,1.014334470989761,1.023890784982935,1.023890784982935,0.009556313993174026,0.009556313993174026,SIC/SIC/SIC,SIC/SIC/SIC/SIC,0.0
0.03,1.0153846153846156,1.0256410256410258,1.0256410256410258,0.01025641025641022,0.01025641025641022,SIC/SIC/SIC,SIC/SIC/SIC/SIC,2.220446049250313e-16
0.032,1.0164383561643835,1.0273972602739727,1.0273972602739727,0.010958904109589218,0.010958904109589218,SIC/SIC/SIC,SIC/SIC/SIC/SIC,2.220446049250313e-16
0.034,1.0174957118353345,1.0291595197255574,1.0291595197255574,0.011663807890222921,0.011663807890222921,SIC/SIC/SIC,SIC/SIC/SIC/SIC,0.0
0.036000000000000004,1.0185567010309278,1.0309278350515463,1.0309278350515463,0.012371134020618513,0.012371134020618513,SIC/SIC/SIC,SIC/SIC/SIC/SIC,0.0
0.038,1.0196213425129088,1.0327022375215147,1.0327022375215147,0.013080895008605875,0.013080895008605875,SIC/SIC/SIC,SIC/SIC/SIC/SIC,0.0
0.04,1.0206896551724138,1.0344827586206897,1.0344827586206897,0.01379310344827589,0.01379310344827589,SIC/SIC/SIC,SIC/SIC/SIC/SIC,2.220446049250313e-16
0.042,1.0217616580310882,1.0362694300518134,1.0362694300518134,0.014507772020725174,0.014507772020725174,SIC/SIC/SIC,SIC/SIC/SIC/SIC,2.220446049250313e-16
0.044,1.0228373702422144,1.0380622837370241,1.0380622837370241,0.0152249134948097,0.0152249134948097,SIC/SIC/SIC,SIC/SIC/SIC/SIC,0.0
0.046,1.0239168110918546,1.0398613518197575,1.0398613518197575,0.015944540727902856,0.015944540727902856,SIC/SIC/SIC,SIC/SIC/SIC/SIC,4.440892098500626e-16
0.048,1.0250000000000001,1.0416666666666667,1.0416666666666667,0.016666666666666607,0.016666666666666607,SIC/SIC/SIC,SIC/SIC/SIC/SIC,2.220446049250313e-16
0.05,1.0260869565217392,1.0434782608695652,1.0434782608695652,0.017391304347825987,0.017391304347825987,SIC/SIC/SIC,SIC/SIC/SIC/SIC,0.0
0.052000000000000005,1.027177700348432,1.0452961672473868,1.0452961672473868,0.01811846689895491,0.01811846689895491,SIC/SIC/SIC,SIC/SIC/SIC/SIC,2.220446049250313e-16
0.054,1.0282722513089004,1.0471204188481675,1.0471204188481675,0.018848167539267102,0.018848167539267102,SIC/SIC/SIC,SIC/SIC/SIC/SIC,0.0
0.056,1.0293706293706295,1.048951048951049,1.048951048951049,0.01958041958041945,0.01958041958041945,SIC/SIC/SIC,SIC/SIC/SIC/SIC,2.220446049250313e-16
0.058,1.0304728546409807,1.0507880910683012,1.0507880910683012,0.02031523642732047,0.02031523642732047,SIC/SIC/SIC,SIC/SIC/SIC/SIC,2.220446049250313e-16
0.06,1.031578947368421,1.0526315789473684,1.0526315789473684,0.021052631578947434,0.021052631578947434,SIC/SIC/SIC,SIC/SIC/SIC/SIC,2.220446049250313e-16
0.062,1.032688927943761,1.054481546572935,1.054481546572935,0.02179261862917392,0.02179261862917392,SIC/SIC/SIC,SIC/SIC/SIC/SIC,2.220446049250313e-16
0.064,1.0338028169014084,1.0563380281690142,1.0563380281690142,0.022535211267605826,0.022535211267605826,SIC/SIC/SIC,SIC/SIC/SIC/SIC,6.661338147750939e-16
0.066,1.034920634920635,1.0582010582010581,1.0582010582010581,0.023280423280423124,0.023280423280423124,SIC/SIC/SIC,SIC/SIC/SIC/SIC,2.220446049250313e-16
0.068,1.0360424028268551,1.0600706713780919,1.0600706713780919,0.024028268551236742,0.024028268551236742,SIC/SIC/SIC,SIC/SIC/SIC/SIC,0.0
0.07,1.0371681415929204,1.0619469026548671,1.0619469026548671,0.024778761061946764,0.024778761061946764,SIC/SIC/SIC,SIC/SIC/SIC/SIC,0.0
0.07200000000000001,1.0382978723404255,1.0638297872340425,1.0638297872340425,0.025531914893617058,0.025531914893617058,SIC/SIC/SIC,SIC/SIC/SIC/SIC,0.0
0.074,1.0394316163410302,1.0657193605683837,1.0657193605683837,0.02628774422735347,0.02628774422735347,SIC/SIC/SIC,SIC/SIC/SIC/SIC,2.220446049250313e-16
0.076,1.0405693950177934,1.0676156583629892,1.0676156583629892,0.027046263345195776,0.027046263345195776,SIC/SIC/SIC,SIC/SIC/SIC/SIC,2.220446049250313e-16
0.078,1.041711229946524,1.06951871657754,1.06951871657754,0.027807486631015843,0.027807486631015843,SIC/SIC/SIC,SIC/SIC/SIC/SIC,2.220446049250313e-16
0.08,1.042857142857143,1.0714285714285714,1.0714285714285714,0.02857142857142847,0.02857142857142847,SIC/SIC/SIC,SIC/SIC/SIC/SIC,4.440892098500626e-16
0.082,1.0440071556350627,1.073345259391771,1.073345259391771,0.0293381037567082,0.0293381037567082,SIC/SIC/SIC,SIC/SIC/SIC/SIC,2.220446049250313e-16
0.084,1.0451612903225806,1.075268817204301,1.075268817204301,0.03010752688172036,0.03010752688172036,SIC/SIC/SIC,SIC/SIC/SIC/SIC,0.0
0.08600000000000001,1.0463195691202873,1.0771992818671454,1.0771992818671454,0.03087971274685808,0.03087971274685808,SIC/SIC/SIC,SIC/SIC/SIC/SIC,2.220446049250313e-16
0.088,1.047482014388489,1.079136690647482,1.079136690647482,0.031654676258992875,0.031654676258992875,SIC/SIC/SIC,SIC/SIC/SIC/SIC,0.0
0.09,1.0486486486486488,1.0810810810810811,1.0810810810810811,0.03243243243243232,0.03243243243243232,SIC/SIC/SIC,SIC/SIC/SIC/SIC,2.220446049250313e-16
0.092,1.0498194945848376,1.0830324909747293,1.0830324909747293,0.033212996389891725,0.033212996389891725,SIC/SIC/SIC,SIC/SIC/SIC/SIC,4.440892098500626e-16
0.094,1.0509945750452079,1.0849909584086799,1.0849909584086799,0.033996383363471994,0.033996383363471994,SIC/SIC/SIC,SIC/SIC/SIC/SIC,2.220446049250313e-16
0.096,1.0521739130434784,1.0869565217391306,1.0869565217391306,0.034782608695652195,0.034782608695652195,SIC/SIC/SIC,SIC/SIC/SIC/SIC,6.661338147750939e-16
0.098,1.0533575317604356,1.088929219600726,1.088929219600726,0.03557168784029052,0.03557168784029052,SIC/SIC/SIC,SIC/SIC/SIC/SIC,8.881784197001252e-16
0.1,1.0545454545454545,1.0909090909090908,1.0909090909090908,0.036363636363636376,0.036363636363636376,SIC/SIC/SIC,SIC/SIC/SIC/SIC,8.881784197001252e-16
0.10200000000000001,1.0557377049180328,1.0928961748633879,1.0928961748633879,0.0371584699453551,0.0371584699453551,SIC/SIC/SIC,SIC/SIC/SIC/SIC,0.0
0.10400000000000001,1.0569343065693428,1.094890510948905,1.094890510948905,0.037956204379562264,0.037956204379562264,SIC/SIC/SIC,SIC/SIC/SIC/SIC,2.220446049250313e-16
0.106,1.0581352833638027,1.096892138939671,1.096892138939671,0.03875685557586839,0.03875685557586839,SIC/SIC/SIC,SIC/SIC/SIC/SIC,2.220446049250313e-16
0.108,1.0593406593406594,1.098901098901099,1.098901098901099,0.03956043956043964,0.03956043956043964,SIC/SIC/SIC,SIC/SIC/SIC/SIC,4.440892098500626e-16
0.11,1.0605504587155963,1.1009174311926606,1.1009174311926606,0.04036697247706433,0.04036697247706433,SIC/SIC/SIC,SIC/SIC/SIC/SIC,4.440892098500626e-16
0.112,1.061764705882353,1.1029411764705883,1.1029411764705883,0.04117647058823537,0.04117647058823537,SIC/SIC/SIC,SIC/SIC/SIC/SIC,4.440892098500626e-16
0.114,1.0629834254143646,1.1049723756906078,1.1049723756906078,0.041988950276243164,0.041988950276243164,SIC/SIC/SIC,SIC/SIC/SIC/SIC,6.661338147750939e-16
0.116,1.0642066420664207,1.1070110701107012,1.1070110701107012,0.04280442804428053,0.04280442804428053,SIC/SIC/SIC,SIC/SIC/SIC/SIC,8.881784197001252e-16
0.11800000000000001,1.0654343807763402,1.1090573012939002,1.1090573012939002,0.043622920517560004,0.043622920517560004,SIC/SIC/SIC,SIC/SIC/SIC/SIC,8.881784197001252e-16
0.12,1.0666666666666667,1.111111111111111,1.111111111111111,0.04444444444444429,0.04444444444444429,SIC/SIC/SIC,SIC/SIC/SIC/SIC,8.881784197001252e-16
0.122,1.0679035250463822,1.1131725417439704,1.1131725417439704,0.045269016697588205,0.045269016697588205,SIC/SIC/SIC,SIC/SIC/SIC/SIC,2.220446049250313e-16
0.124,1.0691449814126395,1.1152416356877324,1.1152416356877324,0.04609665427509291,0.04609665427509291,SIC/SIC/SIC,SIC/SIC/SIC/SIC,2.220446049250313e-16
0.126,1.070391061452514,1.1173184357541899,1.1173184357541899,0.04692737430167582,0.04692737430167582,SIC/SIC/SIC,SIC/SIC/SIC/SIC,2.220446049250313e-16
0.128,1.071641791044776,1.1194029850746268,1.1194029850746268,0.047761194029850795,0.047761194029850795,SIC/SIC/SIC,SIC/SIC/SIC/SIC,2.220446049250313e-16
0.13,1.0728971962616825,1.1214953271028039,1.1214953271028039,0.04859813084112141,0.04859813084112141,SIC/SIC/SIC,SIC/SIC/SIC/SIC,4.440892098500626e-16
0.132,1.0741573033707865,1.1235955056179776,1.1235955056179776,0.04943820224719109,0.04943820224719109,SIC/SIC/SIC,SIC/SIC/SIC/SIC,6.661338147750939e-16
0.134,1.075422138836773,1.125703564727955,1.125703564727955,0.0502814258911819,0.0502814258911819,SIC/SIC/SIC,SIC/SIC/SIC/SIC,6.661338147750939e-16
0.136,1.0766917293233083,1.1278195488721805,1.1278195488721805,0.051127819548872244,0.051127819548872244,SIC/SIC/SIC,SIC/SIC/SIC/SIC,8.881784197001252e-16
0.138,1.0779661016949154,1.1299435028248588,1.1299435028248588,0.051977401129943424,0.051977401129943424,SIC/SIC/SIC,SIC/SIC/SIC/SIC,1.1102230246251565e-15
0.14,1.079245283018868,1.1320754716981132,1.1320754716981132,0.05283018867924527,0.05283018867924527,SIC/SIC/SIC,SIC/SIC/SIC/SIC,1.3322676295501878e-15
0.14200000000000002,1.0805293005671077,1.1342155009451795,1.1342155009451795,0.05368620037807181,0.05368620037807181,SIC/SIC/SIC,SIC/SIC/SIC/SIC,2.220446049250313e-16
0.14400000000000002,1.0818181818181818,1.1363636363636362,1.1363636363636362,0.05454545454545445,0.05454545454545445,SIC/SIC/SIC,SIC/SIC/SIC/SIC,2.220446049250313e-16
0.146,1.0831119544592032,1.1385199240986719,1.1385199240986719,0.0554079696394687,0.0554079696394687,SIC/SIC/SIC,SIC/SIC/SIC/SIC,4.440892098500626e-16
0.148,1.0844106463878327,1.1406844106463878,1.1406844106463878,0.056273764258555126,0.056273764258555126,SIC/SIC/SIC,SIC/SIC/SIC/SIC,4.440892098500626e-16
0.15,1.0857142857142859,1.1428571428571428,1.1428571428571428,0.05714285714285694,0.05714285714285694,SIC/SIC/SIC,SIC/SIC/SIC/SIC,4.440892098500626e-16
0.152,1.0870229007633587,1.1450381679389312,1.1450381679389312,0.05801526717557248,0.05801526717557248,SIC/SIC/SIC,SIC/SIC/SIC/SIC,4.440892098500626e-16
0.154,1.0883365200764819,1.1472275334608029,1.1472275334608029,0.05889101338432101,0.05889101338432101,SIC/SIC/SIC,SIC/SIC/SIC/SIC,6.661338147750939e-16
0.156,1.089655172413793,1.149425287356322,1.149425287356322,0.05977011494252893,0.05977011494252893,SIC/SIC/SIC,SIC/SIC/SIC/SIC,1.1102230246251565e-15
0.158,1.090978886756238,1.1516314779270633,1.1516314779270633,0.06065259117082533,0.06065259117082533,SIC/SIC/SIC,SIC/SIC/SIC/SIC,1.3322676295501878e-15
0.16,1.0923076923076922,1.1538461538461537,1.1538461538461537,0.06153846153846154,0.06153846153846154,SIC/SIC/SIC,SIC/SIC/SIC/SIC,1.3322676295501878e-15
0.162,1.09364161849711,1.1560693641618498,1.1560693641618498,0.06242774566473974,0.06242774566473974,SIC/SIC/SIC,SIC/SIC/SIC/SIC,4.440892098500626e-16
0.164,1.094980694980695,1.1583011583011584,1.1583011583011584,0.06332046332046337,0.06332046332046337,SIC/SIC/SIC,SIC/SIC/SIC/SIC,4.440892098500626e-16
0.166,1.0963249516441007,1.1605415860735009,1.1605415860735009,0.06421663442940018,0.06421663442940018,SIC/SIC/SIC,SIC/SIC/SIC/SIC,4.440892098500626e-16
0.168,1.097674418604651,1.1627906976744187,1.1627906976744187,0.06511627906976769,0.06511627906976769,SIC/SIC/SIC,SIC/SIC/SIC/SIC,6.661338147750939e-16
0.17,1.0990291262135923,1.1650485436893203,1.1650485436893203,0.06601941747572804,0.06601941747572804,SIC/SIC/SIC,SIC/SIC/SIC/SIC,4.440892098500626e-16
0.17200000000000001,1.1003891050583658,1.1673151750972763,1.1673151750972763,0.06692607003891049,0.06692607003891049,SIC/SIC/SIC,SIC/SIC/SIC/SIC,8.881784197001252e-16
0.17400000000000002,1.1017543859649124,1.1695906432748537,1.1695906432748537,0.06783625730994136,0.06783625730994136,SIC/SIC/SIC,SIC/SIC/SIC/SIC,8.881784197001252e-16
0.176,1.103125,1.171875,1.171875,0.06875000000000009,0.06875000000000009,SIC/SIC/SIC,SIC/SIC/SIC/SIC,1.1102230246251565e-15
0.178,1.104500978473581,1.1741682974559686,1.1741682974559686,0.06966731898238754,0.06966731898238754,SIC/SIC/SIC,SIC/SIC/SIC/SIC,1.3322676295501878e-15
0.18,1.1058823529411765,1.1764705882352942,1.1764705882352942,0.07058823529411762,0.07058823529411762,SIC/SIC/SIC,SIC/SIC/SIC/SIC,1.7763568394002505e-15
0.182,1.107269155206287,1.1787819253438114,1.1787819253438114,0.07151277013752444,0.07151277013752444,SIC/SIC/SIC,SIC/SIC/SIC/SIC,4.440892098500626e-16
0.184,1.1086614173228346,1.1811023622047243,1.1811023622047243,0.07244094488188968,0.07244094488188968,SIC/SIC/SIC,SIC/SIC/SIC/SIC,2.220446049250313e-16
0.186,1.1100591715976331,1.1834319526627217,1.1834319526627217,0.0733727810650886,0.0733727810650886,SIC/SIC/SIC,SIC/SIC/SIC/SIC,4.440892098500626e-16
0.188,1.1114624505928852,1.185770750988142,1.185770750988142,0.07430830039525693,0.07430830039525693,SIC/SIC/SIC,SIC/SIC/SIC/SIC,4.440892098500626e-16
0.19,1.112871287128713,1.188118811881188,1.188118811881188,0.07524752475247509,0.07524752475247509,SIC/SIC/SIC,SIC/SIC/SIC/SIC,6.661338147750939e-16
0.192,1.114285714285714,1.1904761904761905,1.1904761904761905,0.07619047619047636,0.07619047619047636,SIC/SIC/SIC,SIC/SIC/SIC/SIC,8.881784197001252e-16
0.194,1.1157057654075546,1.1928429423459244,1.1928429423459244,0.07713717693836974,0.07713717693836974,SIC/SIC/SIC,SIC/SIC/SIC/SIC,1.1102230246251565e-15
0.196,1.1171314741035856,1.1952191235059761,1.1952191235059761,0.07808764940239055,0.07808764940239055,SIC/SIC/SIC,SIC/SIC/SIC/SIC,1.3322676295501878e-15
0.198,1.118562874251497,1.1976047904191618,1.1976047904191618,0.07904191616766476,0.07904191616766476,SIC/SIC/SIC,SIC/SIC/SIC/SIC,1.7763568394002505e-15
0.2,1.1199999999999999,1.2,1.2,0.08000000000000007,0.08000000000000007,SIC/SIC/SIC,SIC/SIC/SIC/SIC,1.9984014443252818e-15
0.202,1.121442885771543,1.2024048096192383,1.2024048096192383,0.0809619238476953,0.0809619238476953,SIC/SIC/SIC,SIC/SIC/SIC/SIC,2.220446049250313e-16
0.20400000000000001,1.12289156626506,1.2048192771084336,1.2048192771084336,0.08192771084337358,0.08192771084337358,SIC/SIC/SIC,SIC/SIC/SIC/SIC,4.440892098500626e-16
0.20600000000000002,1.1243460764587525,1.2072434607645877,1.2072434607645877,0.08289738430583515,0.08289738430583515,SIC/SIC/SIC,SIC/SIC/SIC/SIC,6.661338147750939e-16
0.20800000000000002,1.1258064516129032,1.2096774193548387,1.2096774193548387,0.08387096774193559,0.08387096774193559,SIC/SIC/SIC,SIC/SIC/SIC/SIC,6.661338147750939e-16
0.21,1.1272727272727272,1.2121212121212122,1.2121212121212122,0.08484848484848495,0.08484848484848495,SIC/SIC/SIC,SIC/SIC/SIC/SIC,8.881784197001252e-16
0.212,1.1287449392712552,1.2145748987854252,1.2145748987854252,0.08582995951417005,0.08582995951417005,SIC/SIC/SIC,SIC/SIC/SIC/SIC,1.3322676295501878e-15
0.214,1.1302231237322515,1.2170385395537526,1.2170385395537526,0.0868154158215011,0.0868154158215011,SIC/SIC/SIC,SIC/SIC/SIC/SIC,1.3322676295501878e-15
0.216,1.1317073170731706,1.2195121951219512,1.2195121951219512,0.08780487804878057,0.08780487804878057,SIC/SIC/SIC,SIC/SIC/SIC/SIC,1.5543122344752192e-15
0.218,1.1331975560081466,1.2219959266802443,1.2219959266802443,0.08879837067209762,0.08879837067209762,SIC/SIC/SIC,SIC/SIC/SIC/SIC,1.7763568394002505e-15
0.22,1.1346938775510202,1.2244897959183672,1.2244897959183672,0.0897959183673469,0.0897959183673469,SIC/SIC/SIC,SIC/SIC/SIC/SIC,2.220446049250313e-16
0.222,1.136196319018405,1.2269938650306749,1.2269938650306749,0.09079754601226986,0.09079754601226986,SIC/SIC/SIC,SIC/SIC/SIC/SIC,4.440892098500626e-16
0.224,1.1377049180327867,1.2295081967213115,1.2295081967213115,0.09180327868852478,0.09180327868852478,SIC/SIC/SIC,SIC/SIC/SIC/SIC,6.661338147750939e-16
0.226,1.1392197125256673,1.2320328542094456,1.2320328542094456,0.0928131416837783,0.0928131416837783,SIC/SIC/SIC,SIC/SIC/SIC/SIC,8.881784197001252e-16
0.228,1.1407407407407408,1.234567901234568,1.234567901234568,0.09382716049382722,0.09382716049382722,SIC/SIC/SIC,SIC/SIC/SIC/SIC,1.1102230246251565e-15
0.23,1.1422680412371136,1.2371134020618557,1.2371134020618557,0.09484536082474215,0.09484536082474215,SIC/SIC/SIC,SIC/SIC/SIC/SIC,1.1102230246251565e-15
0.232,1.1438016528925619,1.2396694214876034,1.2396694214876034,0.09586776859504154,0.09586776859504154,SIC/SIC/SIC,SIC/SIC/SIC/SIC,1.3322676295501878e-15
0.234,1.1453416149068323,1.2422360248447204,1.2422360248447204,0.09689440993788812,0.09689440993788812,SIC/SIC/SIC,SIC/SIC/SIC/SIC,1.5543122344752192e-15
0.23600000000000002,1.1468879668049792,1.2448132780082988,1.2448132780082988,0.0979253112033196,0.0979253112033196,SIC/SIC/SIC,SIC/SIC/SIC/SIC,1.7763568394002505e-15
0.23800000000000002,1.1484407484407486,1.2474012474012475,1.2474012474012475,0.09896049896049885,0.09896049896049885,SIC/SIC/SIC,SIC/SIC/SIC/SIC,2.220446049250313e-15
0.24,1.15,1.25,1.25,0.10000000000000009,0.10000000000000009,SIC/SIC/SIC,SIC/SIC/SIC/SIC,6.661338147750939e-16
0.242,1.1515657620041753,1.2526096033402923,1.2526096033402923,0.10104384133611699,0.10104384133611699,SIC/SIC/SIC,SIC/SIC/SIC/SIC,6.661338147750939e-16
0.244,1.1531380753138076,1.2552301255230125,1.2552301255230125,0.10209205020920487,0.10209205020920487,SIC/SIC/SIC,SIC/SIC/SIC/SIC,8.881784197001252e-16
0.246,1.1547169811320757,1.257861635220126,1.257861635220126,0.10314465408805029,0.10314465408805029,SIC/SIC/SIC,SIC/SIC/SIC/SIC,1.1102230246251565e-15
0.248,1.1563025210084033,1.2605042016806722,1.2605042016806722,0.10420168067226898,0.10420168067226898,SIC/SIC/SIC,SIC/SIC/SIC/SIC,1.1102230246251565e-15
0.25,1.1578947368421053,1.263157894736842,1.263157894736842,0.10526315789473673,0.10526315789473673,SIC/SIC/SIC,SIC/SIC/SIC/SIC,1.3322676295501878e-15
0.252,1.159493670886076,1.2658227848101264,1.2658227848101264,0.10632911392405053,0.10632911392405053,SIC/SIC/SIC,SIC/SIC/SIC/SIC,1.5543122344752192e-15
0.254,1.1610993657505284,1.2684989429175475,1.2684989429175475,0.10739957716701909,0.10739957716701909,SIC/SIC/SIC,SIC/SIC/SIC/SIC,1.7763568394002505e-15
0.256,1.1627118644067795,1.2711864406779663,1.2711864406779663,0.10847457627118673,0.10847457627118673,SIC/SIC/SIC,SIC/SIC/SIC/SIC,2.4424906541753444e-15
0.258,1.1643312101910828,1.2738853503184713,1.2738853503184713,0.10955414012738851,0.10955414012738851,SIC/SIC/SIC,SIC/SIC/SIC/SIC,2.6645352591003757e-15
0.26,1.1659574468085108,1.276595744680851,1.276595744680851,0.11063829787234014,0.11063829787234014,SIC/SIC/SIC,SIC/SIC/SIC/SIC,6.661338147750939e-16
0.262,1.1675906183368872,1.279317697228145,1.279317697228145,0.11172707889125788,0.11172707889125788,SIC/SIC/SIC,SIC/SIC/SIC/SIC,8.881784197001252e-16
0.264,1.1692307692307693,1.2820512820512822,1.2820512820512822,0.11282051282051286,0.11282051282051286,SIC/SIC/SIC,SIC/SIC/SIC/SIC,1.1102230246251565e-15
0.266,1.1708779443254818,1.284796573875803,1.284796573875803,0.11391862955032117,0.11391862955032117,SIC/SIC/SIC,SIC/SIC/SIC/SIC,1.1102230246251565e-15
0.268,1.1725321888412017,1.2875536480686696,1.2875536480686696,0.11502145922746787,0.11502145922746787,SIC/SIC/SIC,SIC/SIC/SIC/SIC,1.5543122344752192e-15
0.27,1.1741935483870967,1.2903225806451613,1.2903225806451613,0.11612903225806459,0.11612903225806459,SIC/SIC/SIC,SIC/SIC/SIC/SIC,1.5543122344752192e-15
0.272,1.1758620689655173,1.293103448275862,1.293103448275862,0.11724137931034484,0.11724137931034484,SIC/SIC/SIC,SIC/SIC/SIC/SIC,1.9984014443252818e-15
0.274,1.177537796976242,1.2958963282937366,1.2958963282937366,0.11835853131749463,0.11835853131749463,SIC/SIC/SIC,SIC/SIC/SIC/SIC,2.4424906541753444e-15
0.276,1.1792207792207792,1.2987012987012987,1.2987012987012987,0.11948051948051952,0.11948051948051952,SIC/SIC/SIC,SIC/SIC/SIC/SIC,2.6645352591003757e-15
0.278,1.1809110629067245,1.3015184381778744,1.3015184381778744,0.12060737527114984,0.12060737527114984,SIC/SIC/SIC,SIC/SIC/SIC/SIC,8.881784197001252e-16
0.28,1.182608695652174,1.3043478260869565,1.3043478260869565,0.12173913043478257,0.12173913043478257,SIC/SIC/SIC,SIC/SIC/SIC/SIC,8.881784197001252e-16
0.28200000000000003,1.184313725490196,1.3071895424836601,1.3071895424836601,0.12287581699346406,0.12287581699346406,SIC/SIC/SIC,SIC/SIC/SIC/SIC,1.1102230246251565e-15
0.28400000000000003,1.1860262008733624,1.3100436681222707,1.3100436681222707,0.12401746724890828,0.12401746724890828,SIC/SIC/SIC,SIC/SIC/SIC/SIC,1.1102230246251565e-15
0.28600000000000003,1.187746170678337,1.312910284463895,1.312910284463895,0.12516411378555792,0.12516411378555792,SIC/SIC/SIC,SIC/SIC/SIC/SIC,1.5543122344752192e-15
0.28800000000000003,1.1894736842105262,1.3157894736842106,1.3157894736842106,0.12631578947368438,0.12631578947368438,SIC/SIC/SIC,SIC/SIC/SIC/SIC,1.7763568394002505e-15
0.29,1.1912087912087912,1.3186813186813187,1.3186813186813187,0.12747252747252746,0.12747252747252746,SIC/SIC/SIC,SIC/SIC/SIC/SIC,2.220446049250313e-15
0.292,1.1929515418502203,1.3215859030837005,1.3215859030837005,0.12863436123348015,0.12863436123348015,SIC/SIC/SIC,SIC/SIC/SIC/SIC,2.6645352591003757e-15
0.294,1.1947019867549669,1.324503311258278,1.324503311258278,0.12980132450331117,0.12980132450331117,SIC/SIC/SIC,SIC/SIC/SIC/SIC,2.886579864025407e-15
0.296,1.1964601769911507,1.3274336283185841,1.3274336283185841,0.13097345132743343,0.13097345132743343,SIC/SIC/SIC,SIC/SIC/SIC/SIC,8.881784197001252e-16
0.298,1.1982261640798226,1.3303769401330379,1.3303769401330379,0.13215077605321524,0.13215077605321524,SIC/SIC/SIC,SIC/SIC/SIC/SIC,1.3322676295501878e-15
0.3,1.2000000000000002,1.3333333333333333,1.3333333333333333,0.13333333333333308,0.13333333333333308,SIC/SIC/SIC,SIC/SIC/SIC/SIC,1.1102230246251565e-15
0.302,1.2017817371937638,1.3363028953229399,1.3363028953229399,0.1345211581291761,0.1345211581291761,SIC/SIC/SIC,SIC/SIC/SIC/SIC,1.5543122344752192e-15
0.304,1.2035714285714285,1.3392857142857142,1.3392857142857142,0.13571428571428568,0.13571428571428568,SIC/SIC/SIC,SIC/SIC/SIC/SIC,1.5543122344752192e-15
0.306,1.2053691275167786,1.342281879194631,1.342281879194631,0.13691275167785233,0.13691275167785233,SIC/SIC/SIC,SIC/SIC/SIC/SIC,1.9984014443252818e-15
0.308,1.2071748878923767,1.345291479820628,1.345291479820628,0.1381165919282512,0.1381165919282512,SIC/SIC/SIC,SIC/SIC/SIC/SIC,2.4424906541753444e-15
0.31,1.2089887640449437,1.348314606741573,1.348314606741573,0.1393258426966293,0.1393258426966293,SIC/SIC/SIC,SIC/SIC/SIC/SIC,2.6645352591003757e-15
0.312,1.210810810810811,1.3513513513513515,1.3513513513513515,0.14054054054054044,0.14054054054054044,SIC/SIC/SIC,SIC/SIC/SIC/SIC,3.3306690738754696e-15
0.314,1.2126410835214447,1.3544018058690745,1.3544018058690745,0.14176072234762982,0.14176072234762982,SIC/SIC/SIC,SIC/SIC/SIC/SIC,1.1102230246251565e-15
0.316,1.21447963800905,1.3574660633484164,1.3574660633484164,0.14298642533936645,0.14298642533936645,SIC/SIC/SIC,SIC/SIC/SIC/SIC,1.3322676295501878e-15
0.318,1.2163265306122448,1.3605442176870748,1.3605442176870748,0.14421768707482996,0.14421768707482996,SIC/SIC/SIC,SIC/SIC/SIC/SIC,1.3322676295501878e-15
0.32,1.2181818181818183,1.3636363636363635,1.3636363636363635,0.14545454545454528,0.14545454545454528,SIC/SIC/SIC,SIC/SIC/SIC/SIC,1.5543122344752192e-15
0.322,1.2200455580865603,1.3667425968109341,1.3667425968109341,0.14669703872437379,0.14669703872437379,SIC/SIC/SIC,SIC/SIC/SIC/SIC,1.9984014443252818e-15
0.324,1.2219178082191782,1.36986301369863,1.36986301369863,0.1479452054794519,0.1479452054794519,SIC/SIC/SIC,SIC/SIC/SIC/SIC,2.220446049250313e-15
0.326,1.2237986270022883,1.3729977116704806,1.3729977116704806,0.14919908466819232,0.14919908466819232,SIC/SIC/SIC,SIC/SIC/SIC/SIC,2.6645352591003757e-15
0.328,1.2256880733944957,1.3761467889908259,1.3761467889908259,0.15045871559633017,0.15045871559633017,SIC/SIC/SIC,SIC/SIC/SIC/SIC,3.3306690738754696e-15
0.33,1.2275862068965517,1.3793103448275863,1.3793103448275863,0.15172413793103456,0.15172413793103456,SIC/SIC/SIC,SIC/SIC/SIC/SIC,3.774758283725532e-15
0.332,1.2294930875576038,1.3824884792626728,1.3824884792626728,0.15299539170506904,0.15299539170506904,SIC/SIC/SIC,SIC/SIC/SIC/SIC,1.3322676295501878e-15
0.334,1.2314087759815242,1.3856812933025404,1.3856812933025404,0.1542725173210162,0.1542725173210162,SIC/SIC/SIC,SIC/SIC/SIC/SIC,1.5543122344752192e-15
0.336,1.2333333333333334,1.3888888888888888,1.3888888888888888,0.15555555555555545,0.15555555555555545,SIC/SIC/SIC,SIC/SIC/SIC/SIC,1.5543122344752192e-15
0.338,1.2352668213457076,1.3921113689095128,1.3921113689095128,0.15684454756380517,0.15684454756380517,SIC/SIC/SIC,SIC/SIC/SIC/SIC,1.9984014443252818e-15
0.34,1.2372093023255815,1.3953488372093024,1.3953488372093024,0.1581395348837209,0.1581395348837209,SIC/SIC/SIC,SIC/SIC/SIC/SIC,2.4424906541753444e-15
0.342,1.239160839160839,1.3986013986013985,1.3986013986013985,0.15944055944055946,0.15944055944055946,SIC/SIC/SIC,SIC/SIC/SIC/SIC,2.6645352591003757e-15
0.34400000000000003,1.241121495327103,1.4018691588785048,1.4018691588785048,0.1607476635514018,0.1607476635514018,SIC/SIC/SIC,SIC/SIC/SIC/SIC,3.3306690738754696e-15
0.34600000000000003,1.2430913348946138,1.4051522248243562,1.4051522248243562,0.16206088992974244,0.16206088992974244,SIC/SIC/SIC,SIC/SIC/SIC/SIC,3.9968028886505635e-15
0.34800000000000003,1.2450704225352114,1.4084507042253522,1.4084507042253522,0.16338028169014085,0.16338028169014085,SIC/SIC/SIC,SIC/SIC/SIC/SIC,1.3322676295501878e-15
0.35000000000000003,1.2470588235294118,1.411764705882353,1.411764705882353,0.16470588235294126,0.16470588235294126,SIC/SIC/SIC,SIC/SIC/SIC/SIC,1.5543122344752192e-15
0.352,1.2490566037735849,1.4150943396226414,1.4150943396226414,0.16603773584905657,0.16603773584905657,SIC/SIC/SIC,SIC/SIC/SIC/SIC,1.7763568394002505e-15
0.354,1.2510638297872338,1.4184397163120566,1.4184397163120566,0.16737588652482271,0.16737588652482271,SIC/SIC/SIC,SIC/SIC/SIC/SIC,1.9984014443252818e-15
0.356,1.253080568720379,1.4218009478672984,1.4218009478672984,0.1687203791469194,0.1687203791469194,SIC/SIC/SIC,SIC/SIC/SIC/SIC,2.220446049250313e-15
0.358,1.255106888361045,1.4251781472684086,1.4251781472684086,0.17007125890736363,0.17007125890736363,SIC/SIC/SIC,SIC/SIC/SIC/SIC,2.886579864025407e-15
0.36,1.2571428571428571,1.4285714285714286,1.4285714285714286,0.17142857142857149,0.17142857142857149,SIC/SIC/SIC,SIC/SIC/SIC/SIC,3.3306690738754696e-15
0.362,1.2591885441527448,1.4319809069212412,1.4319809069212412,0.1727923627684964,0.1727923627684964,SIC/SIC/SIC,SIC/SIC/SIC/SIC,4.218847493575595e-15
0.364,1.2612440191387562,1.4354066985645935,1.4354066985645935,0.1741626794258373,0.1741626794258373,SIC/SIC/SIC,SIC/SIC/SIC/SIC,1.5543122344752192e-15
0.366,1.2633093525179855,1.4388489208633093,1.4388489208633093,0.1755395683453238,0.1755395683453238,SIC/SIC/SIC,SIC/SIC/SIC/SIC,1.7763568394002505e-15
0.368,1.2653846153846153,1.4423076923076923,1.4423076923076923,0.17692307692307696,0.17692307692307696,SIC/SIC/SIC,SIC/SIC/SIC/SIC,1.9984014443252818e-15
0.37,1.267469879518072,1.4457831325301203,1.4457831325301203,0.17831325301204815,0.17831325301204815,SIC/SIC/SIC,SIC/SIC/SIC/SIC,1.9984014443252818e-15
0.372,1.2695652173913041,1.4492753623188404,1.4492753623188404,0.17971014492753623,0.17971014492753623,SIC/SIC/SIC,SIC/SIC/SIC/SIC,2.4424906541753444e-15
0.374,1.2716707021791767,1.4527845036319613,1.4527845036319613,0.18111380145278466,0.18111380145278466,SIC/SIC/SIC,SIC/SIC/SIC/SIC,3.1086244689504383e-15
0.376,1.2737864077669903,1.4563106796116505,1.4563106796116505,0.18252427184466025,0.18252427184466025,SIC/SIC/SIC,SIC/SIC/SIC/SIC,3.552713678800501e-15
0.378,1.2759124087591243,1.4598540145985404,1.4598540145985404,0.1839416058394161,0.1839416058394161,SIC/SIC/SIC,SIC/SIC/SIC/SIC,4.440892098500626e-15
0.38,1.2780487804878051,1.4634146341463417,1.4634146341463417,0.18536585365853653,0.18536585365853653,SIC/SIC/SIC,SIC/SIC/SIC/SIC,1.7763568394002505e-15
0.382,1.2801955990220049,1.466992665036675,1.466992665036675,0.18679706601467005,0.18679706601467005,SIC/SIC/SIC,SIC/SIC/SIC/SIC,1.9984014443252818e-15
0.384,1.2823529411764707,1.4705882352941175,1.4705882352941175,0.18823529411764683,0.18823529411764683,SIC/SIC/SIC,SIC/SIC/SIC/SIC,1.9984014443252818e-15
0.386,1.2845208845208844,1.4742014742014742,1.4742014742014742,0.18968058968058976,0.18968058968058976,SIC/SIC/SIC,SIC/SIC/SIC/SIC,2.4424906541753444e-15
0.388,1.2866995073891625,1.4778325123152707,1.4778325123152707,0.19113300492610819,0.19113300492610819,SIC/SIC/SIC,SIC/SIC/SIC/SIC,2.6645352591003757e-15
0.39,1.288888888888889,1.4814814814814816,1.4814814814814816,0.19259259259259265,0.19259259259259265,SIC/SIC/SIC,SIC/SIC/SIC/SIC,3.552713678800501e-15
0.392,1.2910891089108911,1.4851485148514851,1.4851485148514851,0.194059405940594,0.194059405940594,SIC/SIC/SIC,SIC/SIC/SIC/SIC,3.9968028886505635e-15
0.394,1.293300248138958,1.4888337468982633,1.4888337468982633,0.19553349875930537,0.19553349875930537,SIC/SIC/SIC,SIC/SIC/SIC/SIC,4.884981308350689e-15
0.396,1.2955223880597018,1.492537313432836,1.492537313432836,0.19701492537313414,0.19701492537313414,SIC/SIC/SIC,SIC/SIC/SIC/SIC,1.9984014443252818e-15
0.398,1.2977556109725685,1.4962593516209477,1.4962593516209477,0.19850374064837917,0.19850374064837917,SIC/SIC/SIC,SIC/SIC/SIC/SIC,2.220446049250313e-15
0.4,1.3,1.5,1.5,0.19999999999999996,0.19999999999999996,SIC/SIC/SIC,SIC/SIC/SIC/SIC,2.4424906541753444e-15
0.402,1.3022556390977444,1.5037593984962407,1.5037593984962407,0.2015037593984963,0.2015037593984963,SIC/SIC/SIC,SIC/SIC/SIC/SIC,3.1086244689504383e-15
0.404,1.3045226130653267,1.5075376884422111,1.5075376884422111,0.20301507537688446,0.20301507537688446,SIC/SIC/SIC,SIC/SIC/SIC/SIC,3.552713678800501e-15
0.406,1.3068010075566752,1.5113350125944585,1.5113350125944585,0.2045340050377833,0.2045340050377833,SIC/SIC/SIC,SIC/SIC/SIC/SIC,3.9968028886505635e-15
0.40800000000000003,1.309090909090909,1.5151515151515151,1.5151515151515151,0.20606060606060606,0.20606060606060606,SIC/SIC/SIC,SIC/SIC/SIC/SIC,4.440892098500626e-15
0.41000000000000003,1.3113924050632912,1.518987341772152,1.518987341772152,0.20759493670886076,0.20759493670886076,SIC/SIC/SIC,SIC/SIC/SIC/SIC,1.7763568394002505e-15
0.41200000000000003,1.3137055837563452,1.5228426395939088,1.5228426395939088,0.2091370558375636,0.2091370558375636,SIC/SIC/SIC,SIC/SIC/SIC/SIC,2.220446049250313e-15
0.41400000000000003,1.3160305343511451,1.5267175572519085,1.5267175572519085,0.21068702290076335,0.21068702290076335,SIC/SIC/SIC,SIC/SIC/SIC/SIC,2.6645352591003757e-15
0.41600000000000004,1.3183673469387756,1.530612244897959,1.530612244897959,0.21224489795918355,0.21224489795918355,SIC/SIC/SIC,SIC/SIC/SIC/SIC,2.886579864025407e-15
0.418,1.320716112531969,1.5345268542199488,1.5345268542199488,0.21381074168797976,0.21381074168797976,SIC/SIC/SIC,SIC/SIC/SIC/SIC,3.774758283725532e-15
0.42,1.323076923076923,1.5384615384615385,1.5384615384615385,0.2153846153846155,0.2153846153846155,SIC/SIC/SIC,SIC/SIC/SIC/SIC,4.218847493575595e-15
0.422,1.3254498714652956,1.5424164524421593,1.5424164524421593,0.21696658097686372,0.21696658097686372,SIC/SIC/SIC,SIC/SIC/SIC/SIC,4.6629367034256575e-15
0.424,1.327835051546392,1.5463917525773196,1.5463917525773196,0.21855670103092772,0.21855670103092772,SIC/SIC/SIC,SIC/SIC/SIC/SIC,5.551115123125783e-15
0.426,1.3302325581395347,1.5503875968992247,1.5503875968992247,0.22015503875969,0.22015503875969,SIC/SIC/SIC,SIC/SIC/SIC/SIC,2.220446049250313e-15
0.428,1.3326424870466322,1.5544041450777202,1.5544041450777202,0.22176165803108794,0.22176165803108794,SIC/SIC/SIC,SIC/SIC/SIC/SIC,2.6645352591003757e-15
0.43,1.3350649350649348,1.5584415584415585,1.5584415584415585,0.22337662337662367,0.22337662337662367,SIC/SIC/SIC,SIC/SIC/SIC/SIC,3.1086244689504383e-15
0.432,1.3375000000000001,1.5625,1.5625,0.22499999999999987,0.22499999999999987,SIC/SIC/SIC,SIC/SIC/SIC/SIC,3.552713678800501e-15
0.434,1.3399477806788511,1.566579634464752,1.566579634464752,0.2266318537859009,0.2266318537859009,SIC/SIC/SIC,SIC/SIC/SIC/SIC,4.218847493575595e-15
0.436,1.3424083769633508,1.5706806282722514,1.5706806282722514,0.2282722513089006,0.2282722513089006,SIC/SIC/SIC,SIC/SIC/SIC/SIC,5.10702591327572e-15
0.438,1.3448818897637793,1.574803149606299,1.574803149606299,0.22992125984251977,0.22992125984251977,SIC/SIC/SIC,SIC/SIC/SIC/SIC,5.773159728050814e-15
0.44,1.3473684210526318,1.5789473684210527,1.5789473684210527,0.23157894736842088,0.23157894736842088,SIC/SIC/SIC,SIC/SIC/SIC/SIC,2.6645352591003757e-15
0.442,1.349868073878628,1.5831134564643798,1.5831134564643798,0.2332453825857519,0.2332453825857519,SIC/SIC/SIC,SIC/SIC/SIC/SIC,2.886579864025407e-15
0.444,1.3523809523809525,1.5873015873015874,1.5873015873015874,0.23492063492063497,0.23492063492063497,SIC/SIC/SIC,SIC/SIC/SIC/SIC,3.552713678800501e-15
0.446,1.3549071618037134,1.5915119363395225,1.5915119363395225,0.23660477453580908,0.23660477453580908,SIC/SIC/SIC,SIC/SIC/SIC/SIC,3.9968028886505635e-15
0.448,1.3574468085106384,1.595744680851064,1.595744680851064,0.23829787234042565,0.23829787234042565,SIC/SIC/SIC,SIC/SIC/SIC/SIC,4.884981308350689e-15
0.45,1.3599999999999999,1.6,1.6,0.2400000000000002,0.2400000000000002,SIC/SIC/SIC,SIC/SIC/SIC/SIC,5.551115123125783e-15
0.452,1.3625668449197863,1.6042780748663104,1.6042780748663104,0.24171122994652405,0.24171122994652405,SIC/SIC/SIC,SIC/SIC/SIC/SIC,2.6645352591003757e-15
0.454,1.3651474530831098,1.6085790884718498,1.6085790884718498,0.24343163538874002,0.24343163538874002,SIC/SIC/SIC,SIC/SIC/SIC/SIC,2.886579864025407e-15
0.456,1.3677419354838711,1.6129032258064517,1.6129032258064517,0.2451612903225806,0.2451612903225806,SIC/SIC/SIC,SIC/SIC/SIC/SIC,3.3306690738754696e-15
0.458,1.3703504043126684,1.6172506738544474,1.6172506738544474,0.24690026954177902,0.24690026954177902,SIC/SIC/SIC,SIC/SIC/SIC/SIC,3.774758283725532e-15
0.46,1.3729729729729732,1.6216216216216217,1.6216216216216217,0.24864864864864855,0.24864864864864855,SIC/SIC/SIC,SIC/SIC/SIC/SIC,4.440892098500626e-15
0.462,1.3756097560975609,1.6260162601626016,1.6260162601626016,0.2504065040650407,0.2504065040650407,SIC/SIC/SIC,SIC/SIC/SIC/SIC,5.10702591327572e-15
0.464,1.3782608695652174,1.6304347826086958,1.6304347826086958,0.25217391304347836,0.25217391304347836,SIC/SIC/SIC,SIC/SIC/SIC/SIC,6.217248937900877e-15
0.466,1.3809264305177111,1.6348773841961852,1.6348773841961852,0.2539509536784741,0.2539509536784741,SIC/SIC/SIC,SIC/SIC/SIC/SIC,2.886579864025407e-15
0.468,1.3836065573770493,1.639344262295082,1.639344262295082,0.2557377049180327,0.2557377049180327,SIC/SIC/SIC,SIC/SIC/SIC/SIC,3.1086244689504383e-15
0.47000000000000003,1.3863013698630136,1.6438356164383563,1.6438356164383563,0.25753424657534274,0.25753424657534274,SIC/SIC/SIC,SIC/SIC/SIC/SIC,3.774758283725532e-15
0.47200000000000003,1.3890109890109892,1.6483516483516485,1.6483516483516485,0.2593406593406593,0.2593406593406593,SIC/SIC/SIC,SIC/SIC/SIC/SIC,4.440892098500626e-15
0.47400000000000003,1.3917355371900826,1.6528925619834711,1.6528925619834711,0.26115702479338854,0.26115702479338854,SIC/SIC/SIC,SIC/SIC/SIC/SIC,5.10702591327572e-15
0.47600000000000003,1.394475138121547,1.6574585635359118,1.6574585635359118,0.2629834254143648,0.2629834254143648,SIC/SIC/SIC,SIC/SIC/SIC/SIC,6.217248937900877e-15
0.47800000000000004,1.3972299168975069,1.662049861495845,1.662049861495845,0.26481994459833813,0.26481994459833813,SIC/SIC/SIC,SIC/SIC/SIC/SIC,2.6645352591003757e-15
0.48,1.4,1.6666666666666665,1.6666666666666665,0.2666666666666666,0.2666666666666666,SIC/SIC/SIC,SIC/SIC/SIC/SIC,3.1086244689504383e-15
0.482,1.4027855153203341,1.6713091922005572,1.6713091922005572,0.26852367688022305,0.26852367688022305,SIC/SIC/SIC,SIC/SIC/SIC/SIC,3.9968028886505635e-15
0.484,1.405586592178771,1.675977653631285,1.675977653631285,0.270391061452514,0.270391061452514,SIC/SIC/SIC,SIC/SIC/SIC/SIC,4.6629367034256575e-15
0.486,1.408403361344538,1.6806722689075628,1.6806722689075628,0.2722689075630249,0.2722689075630249,SIC/SIC/SIC,SIC/SIC/SIC/SIC,4.884981308350689e-15
0.488,1.4112359550561797,1.6853932584269662,1.6853932584269662,0.2741573033707865,0.2741573033707865,SIC/SIC/SIC,SIC/SIC/SIC/SIC,5.995204332975845e-15
0.49,1.4140845070422534,1.6901408450704227,1.6901408450704227,0.2760563380281693,0.2760563380281693,SIC/SIC/SIC,SIC/SIC/SIC/SIC,7.327471962526033e-15
0.492,1.416949152542373,1.694915254237288,1.694915254237288,0.2779661016949151,0.2779661016949151,SIC/SIC/SIC,SIC/SIC/SIC/SIC,3.552713678800501e-15
0.494,1.4198300283286118,1.6997167138810196,1.6997167138810196,0.2798866855524078,0.2798866855524078,SIC/SIC/SIC,SIC/SIC/SIC/SIC,3.774758283725532e-15
0.496,1.4227272727272726,1.7045454545454546,1.7045454545454546,0.28181818181818197,0.28181818181818197,SIC/SIC/SIC,SIC/SIC/SIC/SIC,4.6629367034256575e-15
0.498,1.4256410256410257,1.7094017094017095,1.7094017094017095,0.28376068376068386,0.28376068376068386,SIC/SIC/SIC,SIC/SIC/SIC/SIC,5.551115123125783e-15
0.5,1.4285714285714286,1.7142857142857142,1.7142857142857142,0.2857142857142856,0.2857142857142856,SIC/SIC/SIC,SIC/SIC/SIC/SIC,6.217248937900877e-15
0.502,1.431400568919612,1.718563085597645,1.7190559274454909,0.28716251667803294,0.28765535852587876,SIC/move/SIC,SIC/X/Z/SIC,4.884981308350689e-15
0.504,1.4342437405802189,1.7228588452524305,1.7238506497358401,0.28861510467221163,0.28960690915562126,SIC/move/SIC,SIC/X/Z/SIC,5.10702591327572e-15
0.506,1.4371010424919828,1.7271731275009432,1.728670059132297,0.2900720850089604,0.2915690166403142,SIC/move/SIC,SIC/X/Z/SIC,5.773159728050814e-15
0.508,1.4399725745513423,1.7315060678720817,1.7335143353346818,0.2915334933207394,0.2935417607833395,SIC/move/SIC,SIC/X/Z/SIC,6.439293542825908e-15
0.51,1.4428584376239713,1.7358578031882255,1.738383659787917,0.2929993655642542,0.2955252221639457,SIC/move/SIC,SIC/X/Z/SIC,2.4424906541753444e-15
0.512,1.4457587335564788,1.7402284715809173,1.7432782157031494,0.29446973802443854,0.2975194821466707,SIC/move/SIC,SIC/X/Z/SIC,2.886579864025407e-15
0.514,1.4486735651882767,1.7446182125067744,1.748198188079176,0.2959446473184977,0.2995246228908992,SIC/move/SIC,SIC/X/Z/SIC,4.218847493575595e-15
0.516,1.451603036363624,1.74902716676363,1.7531437637241836,0.2974241304000058,0.3015407273605595,SIC/move/SIC,SIC/X/Z/SIC,3.552713678800501e-15
0.518,1.4545472519438447,1.7534554765069117,1.7581151312778136,0.298908224563067,0.3035678793339689,SIC/move/SIC,SIC/X/Z/SIC,4.218847493575595e-15
0.52,1.4575063178197243,1.7579032852662568,1.7631124812335377,0.30039696744653255,0.3056061634138134,SIC/move/SIC,SIC/X/Z/SIC,5.10702591327572e-15
0.522,1.460480340924093,1.7623707379623768,1.7681360059613718,0.3018903970382838,0.3076556650372788,SIC/move/SIC,SIC/X/Z/SIC,5.995204332975845e-15
0.524,1.463469429244588,1.766857980924164,1.7731858997309222,0.303388551679576,0.3097164704863342,SIC/move/SIC,SIC/X/Z/SIC,6.439293542825908e-15
0.526,1.4664736918366106,1.771365161906057,1.7782623587347741,0.3048914700694465,0.31178866689816354,SIC/move/SIC,SIC/X/Z/SIC,2.6645352591003757e-15
0.528,1.4694932388364712,1.7758924301056567,1.7833655811122222,0.30639919126918547,0.313872342275751,SIC/move/SIC,SIC/X/Z/SIC,3.3306690738754696e-15
0.53,1.4725281814747302,1.7804399361816072,1.7884957669733568,0.30791175470687704,0.3159675854986266,SIC/move/SIC,SIC/X/Z/SIC,3.774758283725532e-15
0.532,1.4755786320897402,1.7850078322717415,1.793653118423509,0.3094292001820014,0.3180744863337688,SIC/move/SIC,SIC/X/Z/SIC,4.440892098500626e-15
0.534,1.478644704141384,1.7895962720114993,1.7988378395880587,0.31095156787011535,0.3201931354466747,SIC/move/SIC,SIC/X/Z/SIC,5.10702591327572e-15
0.536,1.4817265122250274,1.7942054105526144,1.8040501366376145,0.312478898327587,0.3223236244125871,SIC/move/SIC,SIC/X/Z/SIC,5.551115123125783e-15
0.538,1.4848241720856723,1.7988354045820918,1.809290217813573,0.3140112324964195,0.3244660457279007,SIC/move/SIC,SIC/X/Z/SIC,6.661338147750939e-15
0.54,1.4879378006323274,1.8034864123414567,1.814558293454058,0.3155486117091293,0.32662049282173067,SIC/move/SIC,SIC/X/Z/SIC,3.3306690738754696e-15
0.542,1.4910675159525961,1.8081585936463074,1.8198545760202554,0.31709107769371125,0.32878706006765923,SIC/move/SIC,SIC/X/Z/SIC,3.552713678800501e-15
0.544,1.4942134373274802,1.8128521099061492,1.8251792801231435,0.31863867257866896,0.3309658427956632,SIC/move/SIC,SIC/X/Z/SIC,4.218847493575595e-15
0.546,1.4973756852464137,1.817567124144542,1.8305326225506284,0.3201914388981282,0.3331569373042147,SIC/move/SIC,SIC/X/Z/SIC,4.884981308350689e-15
0.548,1.5005543814225213,1.8223038010195416,1.8359148222950914,0.3217494195970203,0.3353604408725701,SIC/move/SIC,SIC/X/Z/SIC,5.329070518200751e-15
0.55,1.5037496488081088,1.8270623068444596,1.8413261005813575,0.3233126580363508,0.3375764517732487,SIC/move/SIC,SIC/X/Z/SIC,5.773159728050814e-15
0.552,1.5069616116103928,1.831842809608937,1.846766680895089,0.3248811979985442,0.33980506928469634,SIC/move/SIC,SIC/X/Z/SIC,6.8833827526759706e-15
0.554,1.5101903953074682,1.8366454790003375,1.8522367890116125,0.32645508369286924,0.34204639370414425,SIC/move/SIC,SIC/X/Z/SIC,3.552713678800501e-15
0.556,1.5134361266645222,1.8414704864254743,1.857736653025191,0.3280343597609521,0.3443005263606689,SIC/move/SIC,SIC/X/Z/SIC,3.774758283725532e-15
0.558,1.5166989337502998,1.8463180050326673,1.8632665033787463,0.32961907128236745,0.3465675696284465,SIC/move/SIC,SIC/X/Z/SIC,4.218847493575595e-15
0.56,1.519978945953816,1.851188209734137,1.8688265728940356,0.331209263780321,0.34884762694021965,SIC/move/SIC,SIC/X/Z/SIC,5.10702591327572e-15
0.562,1.5232762940013347,1.8560812772287503,1.8744170968022986,0.3328049832274156,0.35114080280096394,SIC/move/SIC,SIC/X/Z/SIC,5.995204332975845e-15
0.5640000000000001,1.5265911099736071,1.8609973860251146,1.8800383127753784,0.3344062760515074,0.3534472028017712,SIC/move/SIC,SIC/X/Z/SIC,6.661338147750939e-15
0.5660000000000001,1.529923527323377,1.8659367164650316,1.8856904609573262,0.33601318914165446,0.35576693363394907,SIC/move/SIC,SIC/X/Z/SIC,3.552713678800501e-15
0.5680000000000001,1.5332736808931602,1.8708994507473151,1.891373783996497,0.33762576985415493,0.35810010310333684,SIC/move/SIC,SIC/X/Z/SIC,3.9968028886505635e-15
0.5700000000000001,1.536641706933301,1.8758857729519816,1.8970885270781492,0.3392440660186806,0.3604468201448483,SIC/move/SIC,SIC/X/Z/SIC,4.440892098500626e-15
0.5720000000000001,1.540027743120312,1.8808958690648185,1.9028349379575522,0.34086812594450655,0.3628071948372402,SIC/move/SIC,SIC/X/Z/SIC,5.10702591327572e-15
0.5740000000000001,1.5434319285755036,1.8859299270023389,1.908613266993615,0.34249799842683526,0.3651813384181115,SIC/move/SIC,SIC/X/Z/SIC,5.551115123125783e-15
0.5760000000000001,1.546854403883901,1.8909881366371273,1.9144237671830455,0.34413373275322634,0.3675693632991446,SIC/move/SIC,SIC/X/Z/SIC,6.439293542825908e-15
0.578,1.5502953111134663,1.8960706898235835,1.920266694195045,0.3457753787101172,0.36997138308157873,SIC/move/SIC,SIC/X/Z/SIC,7.327471962526033e-15
0.58,1.5537547938346228,1.901177780424081,1.9261423064065573,0.34742298658945825,0.3723875125719345,SIC/move/SIC,SIC/X/Z/SIC,3.774758283725532e-15
0.582,1.5572329971400858,1.90630960433553,1.9320508649380714,0.3490766071954443,0.37481786779798565,SIC/move/SIC,SIC/X/Z/SIC,4.218847493575595e-15
0.584,1.5607300676650127,1.9114663595163672,1.937992633689999,0.3507362918513546,0.3772625660249864,SIC/move/SIC,SIC/X/Z/SIC,4.6629367034256575e-15
0.586,1.5642461536074743,1.9166482460139802,1.9439678793796282,0.3524020924065059,0.3797217257721539,SIC/move/SIC,SIC/X/Z/SIC,5.329070518200751e-15
0.588,1.5677814047492513,1.9218554659925595,1.9499768715786707,0.3540740612433082,0.3821954668294194,SIC/move/SIC,SIC/X/Z/SIC,6.439293542825908e-15
0.59,1.5713359724769655,1.92708822376141,1.9560198827514095,0.35575225128444443,0.38468391027444393,SIC/move/SIC,SIC/X/Z/SIC,7.327471962526033e-15
0.592,1.5749100098035522,1.9323467258037033,1.9620971882934621,0.35743671600015103,0.3871871784899099,SIC/move/SIC,SIC/X/Z/SIC,3.9968028886505635e-15
0.594,1.5785036713900749,1.9376311808057045,1.9682090665711656,0.35912750941562965,0.3897053951810907,SIC/move/SIC,SIC/X/Z/SIC,4.218847493575595e-15
0.596,1.582117113567897,1.9429417996864664,1.974355798961602,0.3608246861185693,0.392238685393705,SIC/move/SIC,SIC/X/Z/SIC,5.10702591327572e-15
0.598,1.5857504943612113,1.9482787956280043,1.9805376698932697,0.36252830126679303,0.39478717553205844,SIC/move/SIC,SIC/X/Z/SIC,5.773159728050814e-15
0.6,1.589403973509934,1.9536423841059605,1.9867549668874174,0.3642384105960266,0.3973509933774835,SIC/move/SIC,SIC/X/Z/SIC,6.8833827526759706e-15
0.602,1.5930777124929727,1.9590327829207694,1.9930079806000491,0.36595507042779674,0.39993026810707644,SIC/move/SIC,SIC/X/Z/SIC,7.771561172376096e-15
0.604,1.596771874551878,1.9644502122293341,1.999297004864622,0.36767833767745617,0.40252513031274395,SIC/move/SIC,SIC/X/Z/SIC,4.218847493575595e-15
0.606,1.6004866247148763,1.969894894577215,2.005622336735434,0.36940826986233866,0.40513571202055765,SIC/move/SIC,SIC/X/Z/SIC,4.884981308350689e-15
0.608,1.6042221298213029,1.975367054931352,2.0119842765317344,0.37114492511004915,0.40776214671043154,SIC/move/SIC,SIC/X/Z/SIC,5.329070518200751e-15
0.61,1.6079785585464361,1.980866920713326,2.0183831278825557,0.3728883621668899,0.4104045693361196,SIC/move/SIC,SIC/X/Z/SIC,6.217248937900877e-15
0.612,1.6117560814267384,1.9863947218331641,2.0248191977722847,0.3746386404064257,0.41306311634554627,SIC/move/SIC,SIC/X/Z/SIC,7.105427357601002e-15
0.614,1.6155548708855216,1.9919506907237101,2.0312927965869925,0.3763958198381885,0.41573792570147083,SIC/move/SIC,SIC/X/Z/SIC,7.993605777301127e-15
0.616,1.6193751012590336,1.9975350623755648,2.0378042381615358,0.37815996111653116,0.41842913690250216,SIC/move/SIC,SIC/X/Z/SIC,4.884981308350689e-15
0.618,1.623216948822982,2.0031480743726027,2.044353839827433,0.3799311255496207,0.42113689100445106,SIC/move/SIC,SIC/X/Z/SIC,5.329070518200751e-15
0.62,1.627080591819499,2.0087899669280893,2.0509419224615533,0.38170937510859027,0.4238613306420542,SIC/move/SIC,SIC/X/Z/SIC,6.217248937900877e-15
0.622,1.6309662104845615,2.0144609829213973,2.0575688105356114,0.38349477243683583,0.4266026000510499,SIC/move/SIC,SIC/X/Z/SIC,6.661338147750939e-15
0.624,1.6348739870758664,2.0201613679353407,2.0642348321664983,0.38528738085947434,0.4293608450906319,SIC/move/SIC,SIC/X/Z/SIC,7.549516567451064e-15
0.626,1.6388041059011822,2.0258913702941403,2.0709403191674585,0.38708726439295815,0.43213621326627627,SIC/move/SIC,SIC/X/Z/SIC,8.881784197001252e-15
0.628,1.6427567533471705,2.031651241102023,2.0776856071001317,0.38889448775485236,0.4349288537529612,SIC/move/SIC,SIC/X/Z/SIC,5.329070518200751e-15
0.63,1.646732117908707,2.0374412342824852,2.0844710353274776,0.39070911637377814,0.43773891741877047,SIC/move/SIC,SIC/X/Z/SIC,5.773159728050814e-15
0.632,1.6507303902186905,2.043261606618212,2.091296947067598,0.3925312163995214,0.44056655684890744,SIC/move/SIC,SIC/X/Z/SIC,6.661338147750939e-15
0.634,1.654751763078365,2.0491126177916836,2.098163689448476,0.3943608547133186,0.44341192637011106,SIC/move/SIC,SIC/X/Z/SIC,7.549516567451064e-15
0.636,1.6587964314881587,2.054994530426469,2.1050716135636534,0.3961980989383105,0.44627518207549466,SIC/move/SIC,SIC/X/Z/SIC,8.881784197001252e-15
0.638,1.6628645926790522,2.0609076101292354,2.1120210745288555,0.3980430174501832,0.4491564818498033,SIC/move/SIC,SIC/X/Z/SIC,4.440892098500626e-15
0.64,1.666956446144484,2.066852125532469,2.119012431539598,0.3998956793879853,0.45205598539511405,SIC/move/SIC,SIC/X/Z/SIC,4.884981308350689e-15
0.642,1.6710721936728057,2.0728283483379415,2.1260460479297785,0.4017561546651358,0.4549738542569728,SIC/move/SIC,SIC/X/Z/SIC,6.661338147750939e-15
0.644,1.6752120393803005,2.0788365533609134,2.1331222912312824,0.40362451398061294,0.4579102518509819,SIC/move/SIC,SIC/X/Z/SIC,7.549516567451064e-15
0.646,1.6793761897447712,2.084877018575122,2.140241533234627,0.40550082883035077,0.46086534348985597,SIC/move/SIC,SIC/X/Z/SIC,7.549516567451064e-15
0.648,1.683564853639714,2.0909500251585347,2.147404150050656,0.4073851715188206,0.4638392964109421,SIC/move/SIC,SIC/X/Z/SIC,9.769962616701378e-15
0.65,1.687778242369088,2.097055857539907,2.1546105221733036,0.4092776151708193,0.4668322798042157,SIC/move/SIC,SIC/X/Z/SIC,5.329070518200751e-15
0.652,1.6920165697026872,2.103194803446152,2.1618610345434672,0.41117823374346485,0.46984446484078,SIC/move/SIC,SIC/X/Z/SIC,5.773159728050814e-15
0.654,1.6962800519121437,2.1093671539505423,2.1691560766139943,0.4130871020383986,0.47287602470185064,SIC/move/SIC,SIC/X/Z/SIC,7.105427357601002e-15
0.656,1.7005689078075519,2.115573203521754,2.176496042415809,0.41500429571420216,0.475927134608257,SIC/move/SIC,SIC/X/Z/SIC,7.993605777301127e-15
0.658,1.7048833587747485,2.1218132500737847,2.1838813306252116,0.41692989129903624,0.4789979718504631,SIC/move/SIC,SIC/X/Z/SIC,1.021405182655144e-14
0.66,1.7092236288132427,2.1280875950167406,2.191312344632363,0.41886396620349786,0.4820887158191203,SIC/move/SIC,SIC/X/Z/SIC,6.217248937900877e-15
0.662,1.7135899445748295,2.134396543308537,2.198789492610987,0.4208065987337075,0.4851995480361577,SIC/move/SIC,SIC/X/Z/SIC,6.217248937900877e-15
0.664,1.7179825354028804,2.140740403507513,2.206313187589316,0.42275786810463245,0.48833065218643545,SIC/move/SIC,SIC/X/Z/SIC,7.549516567451064e-15
0.666,1.7224016333723415,2.1471194878259796,2.21388384752229,0.4247178544536381,0.49148221414994864,SIC/move/SIC,SIC/X/Z/SIC,8.43769498715119e-15
0.668,1.726847473330446,2.153534112184738,2.2215018953650683,0.42668663885429203,0.4946544220346223,SIC/move/SIC,SIC/X/Z/SIC,1.0658141036401503e-14
0.67,1.7313202929381544,2.159984596268563,2.2291677591478383,0.4286643033304087,0.4978474662096839,SIC/move/SIC,SIC/X/Z/SIC,5.329070518200751e-15
0.672,1.7358203327123478,2.166471263582698,2.2368818720519945,0.4306509308703501,0.5010615393396467,SIC/move/SIC,SIC/X/Z/SIC,7.105427357601002e-15
0.674,1.7403478360687745,2.172994441510354,2.2446446724876714,0.4326466054415796,0.5042968364188969,SIC/move/SIC,SIC/X/Z/SIC,7.549516567451064e-15
0.676,1.744903049365783,2.1795544613712696,2.252456604172698,0.4346514120054865,0.507553554806915,SIC/move/SIC,SIC/X/Z/SIC,8.881784197001252e-15
0.678,1.749486221948844,2.1861516584813163,2.2603181162129764,0.43666543653247225,0.5108318942641323,SIC/move/SIC,SIC/X/Z/SIC,1.021405182655144e-14
0.68,1.754097606195883,2.1927863722132,2.2682296631843317,0.4386887660173171,0.5141320569884487,SIC/move/SIC,SIC/X/Z/SIC,6.217248937900877e-15
0.682,1.7587374575634493,2.1994589460582725,2.276191705215853,0.4407214884948232,0.5174542476524038,SIC/move/SIC,SIC/X/Z/SIC,7.105427357601002e-15
0.684,1.7634060346337224,2.206169727689466,2.2842047080747694,0.4427636930557437,0.520798673441047,SIC/move/SIC,SIC/X/Z/SIC,7.993605777301127e-15
0.686,1.7681035991623866,2.2129190690253977,2.292269143252878,0.4448154698630111,0.5241655440904915,SIC/move/SIC,SIC/X/Z/SIC,9.769962616701378e-15
0.6880000000000001,1.772830416127393,2.2197073262956466,2.3003854880545758,0.4468769101682537,0.5275550719271829,SIC/move/SIC,SIC/X/Z/SIC,5.773159728050814e-15
0.6900000000000001,1.7775867537786152,2.2265348601072446,2.3085542256865135,0.44894810632862936,0.5309674719078983,SIC/move/SIC,SIC/X/Z/SIC,6.661338147750939e-15
0.6920000000000001,1.782372883688435,2.233402035512397,2.316775845348919,0.45102915182396197,0.5344029616604842,SIC/move/SIC,SIC/X/Z/SIC,7.549516567451064e-15
0.6940000000000001,1.7871890808032638,2.240309222077465,2.3250508423286176,0.4531201412742014,0.5378617615253538,SIC/move/SIC,SIC/X/Z/SIC,9.325873406851315e-15
0.6960000000000001,1.7920356234960308,2.2472567939532375,2.3333797180937905,0.45522117045720667,0.5413440945977597,SIC/move/SIC,SIC/X/Z/SIC,1.0658141036401503e-14
0.6980000000000001,1.7969127936196527,2.2542451299465176,2.3417629803905116,0.4573323363268649,0.5448501867708588,SIC/move/SIC,SIC/X/Z/SIC,6.217248937900877e-15
0.7000000000000001,1.8018208765615078,2.2612746135930557,2.3502011433410974,0.4594537370315479,0.5483802667795896,SIC/move/SIC,SIC/X/Z/SIC,7.993605777301127e-15
0.7020000000000001,1.8067601612989377,2.2683456332318546,2.358694727544305,0.4615854719329169,0.5519345662453674,SIC/move/SIC,SIC/X/Z/SIC,8.43769498715119e-15
0.704,1.8117309404558002,2.2754585820808835,2.367244260177439,0.4637276416250833,0.5555133197216389,SIC/move/SIC,SIC/X/Z/SIC,9.769962616701378e-15
0.706,1.8167335103600926,2.2826138583142255,2.3758502751003827,0.4658803479541329,0.5591167647402902,SIC/move/SIC,SIC/X/Z/SIC,6.217248937900877e-15
0.708,1.8217681711026745,2.289811865140693,2.384513312961616,0.4680436940380186,0.5627451418589413,SIC/move/SIC,SIC/X/Z/SIC,7.549516567451064e-15
0.71,1.8268352265971077,2.2970530108839466,2.3932339213062543,0.4702177842868389,0.5663986947091466,SIC/move/SIC,SIC/X/Z/SIC,8.43769498715119e-15
0.712,1.8319349846406472,2.304337709064141,2.402012654686163,0.47240272442349385,0.5700776700455159,SIC/move/SIC,SIC/X/Z/SIC,9.325873406851315e-15
0.714,1.8370677569764042,2.311666378481153,2.410850074772184,0.47459862150474863,0.5737823177957797,SIC/move/SIC,SIC/X/Z/SIC,1.1102230246251565e-14
0.716,1.8422338593566994,2.319039443299397,2.4197467504685193,0.47680558394269745,0.5775128911118199,SIC/move/SIC,SIC/X/Z/SIC,7.105427357601002e-15
0.718,1.8474336116076522,2.3264573331342944,2.428703258029341,0.4790237215266422,0.5812696464216889,SIC/move/SIC,SIC/X/Z/SIC,7.993605777301127e-15
0.72,1.8526673376950173,2.3339204831404126,2.4377201811776543,0.4812531454453952,0.585052843482637,SIC/move/SIC,SIC/X/Z/SIC,9.325873406851315e-15
0.722,1.8579353657913036,2.341429334101321,2.4467981112264754,0.48349396831001745,0.5888627454351718,SIC/move/SIC,SIC/X/Z/SIC,1.0658141036401503e-14
0.724,1.863238028344204,2.3489843325212036,2.455937647202378,0.4857463041769996,0.5926996188581739,SIC/move/SIC,SIC/X/Z/SIC,7.105427357601002e-15
0.726,1.868575662146366,2.356585930718262,2.4651393959714594,0.4880102685718959,0.5965637338250933,SIC/move/SIC,SIC/X/Z/SIC,8.43769498715119e-15
0.728,1.8739486084065333,2.364234586919956,2.4744039723677815,0.4902859785134226,0.6004553639612482,SIC/move/SIC,SIC/X/Z/SIC,8.881784197001252e-15
0.73,1.8793572128220946,2.371930765360129,2.483731999324354,0.49257355253803436,0.6043747865022595,SIC/move/SIC,SIC/X/Z/SIC,1.1102230246251565e-14
0.732,1.8848018256530574,2.379674936378038,2.49312410800669,0.4948731107249804,0.6083222823536327,SIC/move/SIC,SIC/X/Z/SIC,7.549516567451064e-15
0.734,1.890282801797504,2.3874675765193674,2.502580937949034,0.4971847747218634,0.6122981361515301,SIC/move/SIC,SIC/X/Z/SIC,7.993605777301127e-15
0.736,1.8958005008685384,2.395309168639244,2.5121031371932925,0.4995086677707057,0.6163026363247541,SIC/move/SIC,SIC/X/Z/SIC,8.881784197001252e-15
0.738,1.9013552872727801,2.4032002020073118,2.521691362430743,0.5018449147345316,0.6203360751579627,SIC/move/SIC,SIC/X/Z/SIC,1.1546319456101628e-14
0.74,1.9069475302904235,2.411141172414913,2.5313462791465797,0.5041936421244897,0.6243987488561562,SIC/move/SIC,SIC/X/Z/SIC,1.3322676295501878e-14
0.742,1.9125776041569154,2.419132582284431,2.5410685617673807,0.5065549781275158,0.6284909576104654,SIC/move/SIC,SIC/X/Z/SIC,8.43769498715119e-15
0.744,1.9182458881462765,2.4271749407808296,2.5508588938115375,0.5089290526345531,0.632613005665261,SIC/move/SIC,SIC/X/Z/SIC,9.769962616701378e-15
0.746,1.9239527666561116,2.4352687639254595,2.5607179680427397,0.511315997269348,0.6367652013866281,SIC/move/SIC,SIC/X/Z/SIC,1.199040866595169e-14
0.748,1.9296986292943474,2.443414574712172,2.5706464866265732,0.5137159454178244,0.6409478573322258,SIC/move/SIC,SIC/X/Z/SIC,7.549516567451064e-15
0.75,1.935483870967742,2.4516129032258065,2.5806451612903225,0.5161290322580645,0.6451612903225805,SIC/move/SIC,SIC/X/Z/SIC,8.43769498715119e-15
0.752,1.941308891972197,2.4598642867630924,2.590714713486028,0.5185553947908954,0.6494058215138312,SIC/move/SIC,SIC/X/Z/SIC,9.325873406851315e-15
0.754,1.9471740980849361,2.468169269956042,2.6008558745569053,0.5209951718711059,0.6536817764719691,SIC/move/SIC,SIC/X/Z/SIC,1.199040866595169e-14
0.756,1.9530799006585702,2.476528404897879,2.6110693859071796,0.5234485042393087,0.6579894852486095,SIC/move/SIC,SIC/X/Z/SIC,7.993605777301127e-15
0.758,1.9590267167171154,2.4849422512715735,2.6213559991754445,0.5259155345544582,0.6623292824583291,SIC/move/SIC,SIC/X/Z/SIC,9.769962616701378e-15
0.76,1.9650149690540004,2.4934113764810406,2.6317164764116074,0.5283964074270402,0.666701507357607,SIC/move/SIC,SIC/X/Z/SIC,1.021405182655144e-14
0.762,1.971045086332114,2.501936355785071,2.642151590257525,0.5308912694529568,0.6711065039254112,SIC/move/SIC,SIC/X/Z/SIC,1.2878587085651816e-14
0.764,1.9771175031859383,2.510517772434057,2.6526621241314023,0.5334002692481186,0.6755446209454641,SIC/move/SIC,SIC/X/Z/SIC,8.881784197001252e-15
0.766,1.983232660325833,2.519156217809588,2.663248872416069,0.5359235574837549,0.680016212090236,SIC/move/SIC,SIC/X/Z/SIC,9.325873406851315e-15
0.768,1.989391004644501,2.5278522915669766,2.6739126406512104,0.5384612869224756,0.6845216360067095,SIC/move/SIC,SIC/X/Z/SIC,1.1102230246251565e-14
0.77,1.9955929893257103,2.5366066017807967,2.6846542457296554,0.5410136124550864,0.6890612564039451,SIC/move/SIC,SIC/X/Z/SIC,1.4210854715202004e-14
0.772,2.0018390739553147,2.545419765093503,2.6954745160978204,0.5435806911381884,0.6936354421425057,SIC/move/SIC,SIC/X/Z/SIC,9.769962616701378e-15
0.774,2.008129724634634,2.5542924068672064,2.706374291960423,0.5461626822325725,0.6982445673257889,SIC/move/SIC,SIC/X/Z/SIC,1.021405182655144e-14
0.776,2.014465414096259,2.563225161338697,2.717354425489558,0.5487597472424381,0.7028890113932991,SIC/move/SIC,SIC/X/Z/SIC,1.2434497875801753e-14
0.778,2.0208466218223284,2.572218671777771,2.7284157810382466,0.5513720499554426,0.7075691592159181,SIC/move/SIC,SIC/X/Z/SIC,1.509903313490213e-14
0.78,2.027273834165348,2.581273590648971,2.739559235358578,0.553999756483623,0.7122854011932298,SIC/move/SIC,SIC/X/Z/SIC,1.021405182655144e-14
0.782,2.033747544471622,2.5903905797768085,2.7507856778245565,0.5566430353051866,0.7170381333529345,SIC/move/SIC,SIC/X/Z/SIC,1.2878587085651816e-14
0.784,2.0402682532073486,2.5995703105145616,2.762096010659768,0.5593020573072129,0.7218277574524192,SIC/move/SIC,SIC/X/Z/SIC,1.4210854715202004e-14
0.786,2.046836468087455,2.6088134639167393,2.773491149169993,0.5619769958292844,0.7266546810825383,SIC/move/SIC,SIC/X/Z/SIC,9.769962616701378e-15
0.788,2.0534527042072455,2.618120730915309,2.7849720219808938,0.5646680267080635,0.7315193177736483,SIC/move/SIC,SIC/X/Z/SIC,1.199040866595169e-14
0.79,2.0601174841769234,2.62749281249977,2.7965395712808916,0.5673753283228464,0.7364220871039682,SIC/move/SIC,SIC/X/Z/SIC,1.3766765505351941e-14
0.792,2.066831338259073,2.6369304199011863,2.8081947530693925,0.5700990816421134,0.7413634148103196,SIC/move/SIC,SIC/X/Z/SIC,9.769962616701378e-15
0.794,2.073594804509166,2.646434274780278,2.8199385374104704,0.5728394702711119,0.7463437329013045,SIC/move/SIC,SIC/X/Z/SIC,1.1102230246251565e-14
0.7941944731535715,2.0742551277076124,2.6473619583358414,2.821085225957944,0.573106830628229,0.7468300982503315,SIC/move/SIC,SIC/X/Z/SIC,1.199040866595169e-14
0.796,2.0802603889415243,2.6558872695974536,2.83089170910804,0.5756268806559293,0.7506313201665158,SIC/move/retry-Y,SIC/X/Z/retry-Y,8.881784197001252e-15
0.798,2.086957143601361,2.665391800593886,2.8418265010781,0.5784346569925249,0.7548693574767391,SIC/move/retry-Y,SIC/X/Z/retry-Y,1.021405182655144e-14
0.8,2.093701321747268,2.6749610573978146,2.852837798308882,0.5812597356505464,0.759136476561614,SIC/move/retry-Y,SIC/X/Z/retry-Y,1.1546319456101628e-14
0.802,2.100493419594559,2.6845957225148362,2.8639264072987,0.5841023029202774,0.763432987704141,SIC/move/retry-Y,SIC/X/Z/retry-Y,1.3322676295501878e-14
0.804,2.1073339403414386,2.694296488034517,2.875093145882002,0.5869625476930782,0.7677592055405635,SIC/move/retry-Y,SIC/X/Z/retry-Y,8.881784197001252e-15
0.806,2.114223394292126,2.7040640557994537,2.8863388434293253,0.5898406615073277,0.7721154491371993,SIC/move/retry-Y,SIC/X/Z/retry-Y,1.1102230246251565e-14
0.808,2.121162298982591,2.7138991375779336,2.8976643410514913,0.5927368385953424,0.7765020420689002,SIC/move/retry-Y,SIC/X/Z/retry-Y,1.2434497875801753e-14
0.81,2.1281511793089756,2.7238024552402704,2.909070491808166,0.5956512759312949,0.7809193124991904,SIC/move/retry-Y,SIC/X/Z/retry-Y,1.4210854715202004e-14
0.812,2.135190567658756,2.73377474093891,2.92055816092087,0.598584173280154,0.785367593262114,SIC/move/retry-Y,SIC/X/Z/retry-Y,1.0658141036401503e-14
0.8140000000000001,2.1422810040447264,2.7438167372924074,2.9321282259905628,0.601535733247681,0.7898472219458363,SIC/move/retry-Y,SIC/X/Z/retry-Y,1.1102230246251565e-14
0.8160000000000001,2.149423036241864,2.753929197573361,2.9437815772199225,0.6045061613314973,0.7943585409780587,SIC/move/retry-Y,SIC/X/Z/retry-Y,1.3766765505351941e-14
0.8180000000000001,2.1566172199271563,2.7641128859004143,2.955519117640417,0.607495665973258,0.7989018977132609,SIC/move/retry-Y,SIC/X/Z/retry-Y,8.881784197001252e-15
0.8200000000000001,2.1638641188224663,2.7743685774344224,2.9673417633443204,0.6105044586119561,0.8034776445218541,SIC/move/retry-Y,SIC/X/Z/retry-Y,1.0658141036401503e-14
0.8220000000000001,2.1711643048404974,2.784697058578889,2.979250443721764,0.6135327537383914,0.8080861388812668,SIC/move/retry-Y,SIC/X/Z/retry-Y,1.2878587085651816e-14
0.8240000000000001,2.1785183582339642,2.7950991271847867,2.991246101702982,0.6165807689508225,0.8127277434690177,SIC/move/retry-Y,SIC/X/Z/retry-Y,1.554312234475219e-14
0.8260000000000001,2.1859268677480244,2.805575592759868,3.003329694005862,0.6196487250118436,0.8174028262578377,SIC/move/retry-Y,SIC/X/Z/retry-Y,1.1102230246251565e-14
0.8280000000000001,2.19339043077607,2.816127276682586,3.015502191388957,0.6227368459065161,0.8221117606128869,SIC/move/retry-Y,SIC/X/Z/retry-Y,1.199040866595169e-14
0.8300000000000001,2.200909653518966,2.826755012420742,3.0277645789100758,0.6258453589017763,0.8268549253911099,SIC/move/retry-Y,SIC/X/Z/retry-Y,1.4654943925052066e-14
0.8320000000000001,2.2084851511478143,2.837459645754982,3.0401178561906184,0.6289744946071676,0.8316327050428041,SIC/move/retry-Y,SIC/X/Z/retry-Y,1.021405182655144e-14
0.834,2.216117547970345,2.848242035007268,3.0525630376857906,0.6321244870369229,0.8364454897154454,SIC/move/retry-Y,SIC/X/Z/retry-Y,1.2434497875801753e-14
0.836,2.2238074776010297,2.859103051274461,3.0651011529608607,0.6352955736734311,0.841293675359831,SIC/move/retry-Y,SIC/X/Z/retry-Y,1.4654943925052066e-14
0.838,2.2315555831349987,2.870043578667129,3.07773324697361,0.6384879955321301,0.8461776638386111,SIC/move/retry-Y,SIC/X/Z/retry-Y,1.0658141036401503e-14
0.84,2.2393625173258886,2.8810645145537466,3.090460380363141,0.6417019972278579,0.8510978630372525,SIC/move/retry-Y,SIC/X/Z/retry-Y,1.2434497875801753e-14
0.842,2.247228942767698,2.8921667698104017,3.103283629745218,0.6449378270427037,0.8560546869775201,SIC/move/retry-Y,SIC/X/Z/retry-Y,1.3322676295501878e-14
0.844,2.2551555320807752,2.9033512690761745,3.1162040880143005,0.6481957369953992,0.8610485559335253,SIC/move/retry-Y,SIC/X/Z/retry-Y,1.0658141036401503e-14
0.846,2.2631429681020343,2.914618951014321,3.1292228646524527,0.6514759829122867,0.8660798965504184,SIC/move/retry-Y,SIC/X/Z/retry-Y,1.199040866595169e-14
0.848,2.271191944079527,2.9259707685794387,3.142341086045324,0.6547788244999118,0.8711491419657968,SIC/move/retry-Y,SIC/X/Z/retry-Y,1.4210854715202004e-14
0.85,2.279303163871473,2.937407689290752,3.155559895805365,0.658104525419279,0.8762567319338919,SIC/move/retry-Y,SIC/X/Z/retry-Y,1.021405182655144e-14
0.852,2.287477342149877,2.948930695511695,3.168880455102503,0.6614533533618183,0.8814031129526261,SIC/move/retry-Y,SIC/X/Z/retry-Y,1.2878587085651816e-14
0.854,2.2957152046088507,2.9605407847359584,3.1823039430024447,0.6648255801271077,0.886588738393594,SIC/move/retry-Y,SIC/X/Z/retry-Y,1.4210854715202004e-14
0.856,2.3040174881777777,2.972238969880178,3.195831556812853,0.6682214817024001,0.8918140686350751,SIC/move/retry-Y,SIC/X/Z/retry-Y,1.1102230246251565e-14
0.858,2.3123849412394337,2.984026279583434,3.2094645124375645,0.6716413383440001,0.8970795711981308,SIC/move/retry-Y,SIC/X/Z/retry-Y,1.2434497875801753e-14
0.86,2.3208183238532207,2.9959037585137698,3.2232040447391186,0.675085434660549,0.9023857208858979,SIC/move/retry-Y,SIC/X/Z/retry-Y,1.4654943925052066e-14
0.862,2.329318407983635,3.0078724676818935,3.2370514079097776,0.6785540596982584,0.9077329999261425,SIC/move/retry-Y,SIC/X/Z/retry-Y,1.1102230246251565e-14
0.864,2.337885977734126,3.019933484762285,3.251007875851307,0.6820475070281589,0.9131218981171809,SIC/move/retry-Y,SIC/X/Z/retry-Y,1.2878587085651816e-14
0.866,2.346521829586487,3.032087904421898,3.265074742563739,0.6855660748354109,0.9185529129772521,SIC/move/retry-Y,SIC/X/Z/retry-Y,1.4654943925052066e-14
0.868,2.35522677264594,3.044336838656676,3.279253322543377,0.6891100660107359,0.9240265498974369,SIC/move/retry-Y,SIC/X/Z/retry-Y,1.199040866595169e-14
0.87,2.364001628892058,3.0566814171360903,3.2935449511902872,0.6926797882440323,0.9295433222982292,SIC/move/retry-Y,SIC/X/Z/retry-Y,1.4210854715202004e-14
0.872,2.372847233435707,3.0691227875559366,3.30795098522556,0.6962755541202297,0.9351037517898533,SIC/move/retry-Y,SIC/X/Z/retry-Y,1.687538997430238e-14
0.874,2.3817644347821627,3.08166211599961,3.322472803118603,0.6998976812174473,0.9407083683364403,SIC/move/retry-Y,SIC/X/Z/retry-Y,1.199040866595169e-14
0.876,2.39075409510058,3.094300587308108,3.337111805524742,0.7035464922075279,0.9463577104241621,SIC/move/retry-Y,SIC/X/Z/retry-Y,1.509903313490213e-14
0.878,2.3998170904999925,3.1070394054589934,3.351869415733443,0.7072223149590009,0.9520523252334505,SIC/move/retry-Y,SIC/X/Z/retry-Y,1.7763568394002505e-14
0.88,2.4089543113120375,3.1198797939545933,3.366747080127432,0.7109254826425557,0.9577927688153944,SIC/move/retry-Y,SIC/X/Z/retry-Y,1.3766765505351941e-14
0.882,2.418166662380582,3.1328229962196734,3.381746268653046,0.7146563338390912,0.963579606272464,SIC/move/retry-Y,SIC/X/Z/retry-Y,1.687538997430238e-14
0.884,2.4274550633584617,3.14587027600888,3.3968684753021154,0.7184152126504184,0.9694134119436537,SIC/move/retry-Y,SIC/X/Z/retry-Y,1.9095836023552692e-14
0.886,2.4368204490115324,3.1590229178242177,3.412115218605734,0.7222024688126853,0.9752947695942016,SIC/move/retry-Y,SIC/X/Z/retry-Y,1.509903313490213e-14
0.888,2.4462637695302365,3.17228222734285,3.4274880421402245,0.7260184578126134,0.981224272609988,SIC/move/retry-Y,SIC/X/Z/retry-Y,1.8207657603852567e-14
0.89,2.4557859908489217,3.1856495318555402,3.442988515045695,0.7298635410066185,0.9872025241967735,SIC/move/retry-Y,SIC/X/Z/retry-Y,1.3322676295501878e-14
0.892,2.465388094973115,3.1991261807160187,3.458618232557525,0.7337380857429037,0.9932301375844101,SIC/move/retry-Y,SIC/X/Z/retry-Y,1.5987211554602254e-14
0.894,2.4750710803150033,3.212713545801613,3.4743788165511567,0.7376424654866098,0.9993077362361533,SIC/move/retry-Y,SIC/X/Z/retry-Y,1.9095836023552692e-14
0.896,2.4848359620373497,3.2264130219854654,3.4902719161006055,0.7415770599481157,1.0054359540632558,SIC/move/retry-Y,SIC/X/Z/retry-Y,1.5987211554602254e-14
0.898,2.494683772406099,3.2402260276206767,3.506299208051067,0.7455422552145778,1.011615435644968,SIC/move/retry-Y,SIC/X/Z/retry-Y,1.7763568394002505e-14
0.9,2.5046155611519314,3.2541540050367384,3.522462397606065,0.749538443884807,1.0178468364541335,SIC/move/retry-Y,SIC/X/Z/retry-Y,1.3766765505351941e-14
0.902,2.5146323958410206,3.268198421048601,3.538763218929542,0.7535660252075802,1.0241308230885213,SIC/move/retry-Y,SIC/X/Z/retry-Y,1.6431300764452317e-14
0.904,2.5247353622552864,3.282360767478779,3.5552034357633673,0.7576254052234925,1.030468073508081,SIC/move/retry-Y,SIC/X/Z/retry-Y,1.3766765505351941e-14
0.906,2.534925564782411,3.2966425616928645,3.5717848420607026,0.7617169969104536,1.0368592772782916,SIC/move/retry-Y,SIC/X/Z/retry-Y,1.554312234475219e-14
0.908,2.545204126815928,3.3110453471488626,3.5885092626357205,0.7658412203329346,1.0433051358197925,SIC/move/retry-Y,SIC/X/Z/retry-Y,1.865174681370263e-14
0.91,2.555572191165671,3.3255706939607608,3.605378553830157,0.7699985027950897,1.0498063626644858,SIC/move/retry-Y,SIC/X/Z/retry-Y,1.4654943925052066e-14
0.912,2.566030920478914,3.3402201994767697,3.622394604197211,0.7741892789978557,1.0563636837182968,SIC/move/retry-Y,SIC/X/Z/retry-Y,1.687538997430238e-14
0.914,2.5765814976725183,3.3549954888726816,3.6395593352033333,0.7784139912001633,1.062977837530815,SIC/move/retry-Y,SIC/X/Z/retry-Y,1.3322676295501878e-14
0.916,2.5872251263764263,3.3698982157608066,3.656874701948429,0.7826730893843803,1.0696495755720026,SIC/move/retry-Y,SIC/X/Z/retry-Y,1.7319479184152442e-14
0.918,2.597963031388855,3.384930062814969,3.6743426939050625,0.7869670314261139,1.0763796625162074,SIC/move/retry-Y,SIC/X/Z/retry-Y,1.9984014443252818e-14
0.92,2.608796459143542,3.400092742412059,3.6919653356772453,0.7912962832685166,1.083168876533703,SIC/move/retry-Y,SIC/X/Z/retry-Y,1.554312234475219e-14
0.922,2.61972667818943,3.4153879972906545,3.709744687779408,0.7956613191012245,1.0900180095899779,SIC/move/retry-Y,SIC/X/Z/retry-Y,1.9539925233402755e-14
0.924,2.6307549796831626,3.4308176012272424,3.727682847436183,0.8000626215440798,1.0969278677530205,SIC/move/retry-Y,SIC/X/Z/retry-Y,1.6431300764452317e-14
0.926,2.6418826778948117,3.446383359730596,3.745781949403676,0.8045006818357843,1.1038992715088645,SIC/move/retry-Y,SIC/X/Z/retry-Y,1.9539925233402755e-14
0.928,2.6531111107272305,3.46208711075487,3.764044166812869,0.8089760000276396,1.1109330560856385,SIC/move/retry-Y,SIC/X/Z/retry-Y,1.5987211554602254e-14
0.93,2.664441640249487,3.477930725432023,3.782471712035869,0.8134890851825363,1.1180300717863823,SIC/move/retry-Y,SIC/X/Z/retry-Y,1.865174681370263e-14
0.932,2.675875653244803,3.493916108824157,3.801066837575739,0.8180404555793537,1.125191184330936,SIC/move/retry-Y,SIC/X/Z/retry-Y,1.5987211554602254e-14
0.934,2.6874145617734717,3.510045200696423,3.819831836980632,0.8226306389229512,1.1324172752071604,SIC/move/retry-Y,SIC/X/Z/retry-Y,1.9984014443252818e-14
0.936,2.6990598037512363,3.5263199763111572,3.838769045783046,0.8272601725599209,1.1397092420318096,SIC/move/retry-Y,SIC/X/Z/retry-Y,1.6431300764452317e-14
0.9380000000000001,2.710812843543623,3.542742447243919,3.857880842464976,0.8319296037002957,1.147067998921353,SIC/move/retry-Y,SIC/X/Z/retry-Y,1.7763568394002505e-14
0.9400000000000001,2.722675172576743,3.5593146622221385,3.877169649449826,0.8366394896453957,1.154494476873083,SIC/move/retry-Y,SIC/X/Z/retry-Y,1.509903313490213e-14
0.9420000000000001,2.7346483099650962,3.576038707987121,3.896637934121912,0.8413903980220248,1.1619896241568157,SIC/move/retry-Y,SIC/X/Z/retry-Y,1.9539925233402755e-14
0.9440000000000001,2.7467338031569453,3.5929167101801567,3.916288209874507,0.8461829070232114,1.1695544067175616,SIC/move/retry-Y,SIC/X/Z/retry-Y,2.2648549702353193e-14
0.9460000000000001,2.7589332285978183,3.6099508342535365,3.9361230371873344,0.8510176056557182,1.177189808589516,SIC/move/retry-Y,SIC/X/Z/retry-Y,1.9095836023552692e-14
0.9480000000000001,2.7712481924127483,3.6271432864072857,3.9561450247344676,0.8558950939945373,1.1848968323217193,SIC/move/retry-Y,SIC/X/Z/retry-Y,2.2648549702353193e-14
0.9500000000000001,2.7836803311078646,3.6444963145524714,3.976356830523677,0.8608159834446067,1.1926764994158123,SIC/move/retry-Y,SIC/X/Z/retry-Y,1.9095836023552692e-14
0.9520000000000001,2.796231312291986,3.662012209301971,3.996761163068238,0.865780897009985,1.2005298507762516,SIC/move/retry-Y,SIC/X/Z/retry-Y,2.4424906541753444e-14
0.9540000000000001,2.8089028354188694,3.6796933049896015,4.017360782592303,0.870790469570732,1.2084579471734336,SIC/move/retry-Y,SIC/X/Z/retry-Y,1.9539925233402755e-14
0.9560000000000001,2.821696632550834,3.6975419807185976,4.038158502270966,0.8758453481677635,1.2164618697201321,SIC/move/retry-Y,SIC/X/Z/retry-Y,2.3092638912203256e-14
0.9580000000000001,2.8346144691444466,3.71556066144038,4.0591571895061715,0.8809461922959336,1.224542720361725,SIC/move/retry-Y,SIC/X/Z/retry-Y,1.9539925233402755e-14
0.96,2.847658144859052,3.7337518190646897,4.080359767239697,0.8860936742056378,1.2327016223806453,SIC/move/retry-Y,SIC/X/Z/retry-Y,1.7763568394002505e-14
0.962,2.8608294943888986,3.7521179736021204,4.101769215304481,0.8912884792132219,1.2409397209155824,SIC/move/retry-Y,SIC/X/Z/retry-Y,2.3092638912203256e-14
0.964,2.8741303883196756,3.770661694340167,4.123388571815574,0.8965313060204916,1.2492581834958982,SIC/move/retry-Y,SIC/X/Z/retry-Y,1.7763568394002505e-14
0.966,2.8875627340103223,3.7893856010539713,4.145220934602134,0.901822867043649,1.2576582005918113,SIC/move/retry-Y,SIC/X/Z/retry-Y,2.220446049250313e-14
0.968,2.901128476500936,3.808292365252906,4.167269462681808,0.90716388875197,1.2661409861808717,SIC/move/retry-Y,SIC/X/Z/retry-Y,1.9539925233402755e-14
0.97,2.9148295994477387,3.8273847114643065,4.189537377779049,0.9125551120165678,1.2747077783313108,SIC/move/retry-Y,SIC/X/Z/retry-Y,2.398081733190338e-14
0.972,2.928668126086008,3.8466654185555997,4.212027965888849,0.9179972924695918,1.283359839802841,SIC/move/retry-Y,SIC/X/Z/retry-Y,1.9539925233402755e-14
0.974,2.942646120221972,3.8661373210962005,4.234744578887506,0.9234912008742286,1.2920984586655342,SIC/move/retry-Y,SIC/X/Z/retry-Y,1.865174681370263e-14
0.976,2.9567656872546824,3.88580331076057,4.257690636192072,0.9290376235058875,1.3009249489373893,SIC/move/retry-Y,SIC/X/Z/retry-Y,2.1316282072803006e-14
0.978,2.9710289752289394,3.9056663377739027,4.280869626470227,0.9346373625449633,1.3098406512412875,SIC/move/retry-Y,SIC/X/Z/retry-Y,2.5757174171303632e-14
0.98,2.9854381759203505,3.9257294124019433,4.304285109402338,0.9402912364815927,1.3188469334819874,SIC/move/retry-Y,SIC/X/Z/retry-Y,2.398081733190338e-14
0.982,2.9999955259537017,3.945995606486535,4.327940717497613,0.9460000805328335,1.3279451915439116,SIC/move/retry-Y,SIC/X/Z/retry-Y,1.9539925233402755e-14
0.984,3.014703307955829,3.966468055028536,4.351840157966279,0.9517647470727066,1.3371368500104501,SIC/move/retry-Y,SIC/X/Z/retry-Y,2.4868995751603507e-14
0.986,3.0295638517442254,3.987149957819806,4.3759872146497925,0.9575861060755808,1.346423362905567,SIC/move/retry-Y,SIC/X/Z/retry-Y,2.1316282072803006e-14
0.988,3.0445795355527006,4.008044581126068,4.400385750011229,0.9634650455733675,1.3558062144585286,SIC/move/retry-Y,SIC/X/Z/retry-Y,2.7533531010703882e-14
0.99,3.0597527872954444,4.02915525942249,4.425039707188017,0.9694024721270456,1.365286919892573,SIC/move/retry-Y,SIC/X/Z/retry-Y,2.3092638912203256e-14
0.992,3.0750860858708986,4.050485397183931,4.4499531121093465,0.9753993113130326,1.374867026238448,SIC/move/retry-Y,SIC/X/Z/retry-Y,3.019806626980426e-14
0.994,3.090581962506907,4.072038470731865,4.475130075680576,0.9814565082249582,1.3845481131736688,SIC/move/retry-Y,SIC/X/Z/retry-Y,2.5757174171303632e-14
0.996,3.10624300214869,4.0938180301400955,4.500574796037218,0.9875750279914053,1.3943317938885276,SIC/move/retry-Y,SIC/X/Z/retry-Y,2.398081733190338e-14
0.998,3.1220718448912215,4.1158277012014395,4.526291560870999,0.993755856310218,1.4042197159797776,SIC/move/retry-Y,SIC/X/Z/retry-Y,2.930988785010413e-14
1.0,3.1380711874576974,4.138071187457697,4.552284749830792,1.0,1.414213562373095,SIC/move/retry-Y,SIC/X/Z/retry-Y,2.398081733190338e-14
