run_id,environment,initial_state,backend,seed,phase,goal_id,goal_name,episodes,success_rate,mean_steps_success,mean_reward
qubit-zx-weak__one__tabular__seed0,qubit-zx-weak,one,tabular,0,training,0,Z0,62,0.9032258064516129,5.767857142857143,8.97467741935484
qubit-zx-weak__one__tabular__seed0,qubit-zx-weak,one,tabular,0,training,1,Z1,65,0.9846153846153847,1.5625,9.838307692307692
qubit-zx-weak__one__tabular__seed0,qubit-zx-weak,one,tabular,0,training,2,X0,46,0.9130434782608695,4.428571428571429,9.08608695652174
qubit-zx-weak__one__tabular__seed0,qubit-zx-weak,one,tabular,0,training,3,X1,63,0.9206349206349206,6.0344827586206895,9.148095238095241
qubit-zx-weak__one__tabular__seed0,qubit-zx-weak,one,tabular,0,training,4,Z0_X0,64,0.625,7.65,7.004375
qubit-zx-weak__one__tabular__seed0,qubit-zx-weak,one,tabular,0,training,5,X0_Z0,50,0.62,6.67741935483871,7.036999999999999
qubit-zx-weak__one__tabular__seed0,qubit-zx-weak,one,tabular,0,training,6,weakZ0_Z0,50,0.64,8.65625,7.2262
qubit-zx-weak__one__tabular__seed0,qubit-zx-weak,one,tabular,0,training,-1,OVERALL,400,0.8075,5.414860681114551,8.379124999999998
qubit-zx-weak__one__tabular__seed0,qubit-zx-weak,one,tabular,0,evaluation,0,Z0,100,0.9,4.366666666666666,8.954699999999997
qubit-zx-weak__one__tabular__seed0,qubit-zx-weak,one,tabular,0,evaluation,1,Z1,100,1.0,1.0,10.0
qubit-zx-weak__one__tabular__seed0,qubit-zx-weak,one,tabular,0,evaluation,2,X0,100,0.89,3.3820224719101124,8.8623
qubit-zx-weak__one__tabular__seed0,qubit-zx-weak,one,tabular,0,evaluation,3,X1,100,0.92,4.760869565217392,9.1534
qubit-zx-weak__one__tabular__seed0,qubit-zx-weak,one,tabular,0,evaluation,4,Z0_X0,100,0.65,7.769230769230769,7.2115
qubit-zx-weak__one__tabular__seed0,qubit-zx-weak,one,tabular,0,evaluation,5,X0_Z0,100,0.67,7.059701492537314,7.5390999999999995
qubit-zx-weak__one__tabular__seed0,qubit-zx-weak,one,tabular,0,evaluation,6,weakZ0_Z0,100,0.7,7.714285714285714,7.8675
qubit-zx-weak__one__tabular__seed0,qubit-zx-weak,one,tabular,0,evaluation,-1,OVERALL,700,0.8185714285714286,4.799301919720768,8.512642857142856
qubit-zx-weak__one__tabular__seed1,qubit-zx-weak,one,tabular,1,training,0,Z0,55,0.7818181818181819,6.488372093023256,7.742545454545455
qubit-zx-weak__one__tabular__seed1,qubit-zx-weak,one,tabular,1,training,1,Z1,64,0.984375,1.2380952380952381,9.8390625
qubit-zx-weak__one__tabular__seed1,qubit-zx-weak,one,tabular,1,training,2,X0,57,0.8771929824561403,4.84,8.71982456140351
qubit-zx-weak__one__tabular__seed1,qubit-zx-weak,one,tabular,1,training,3,X1,54,0.8888888888888888,4.9375,8.837222222222223
qubit-zx-weak__one__tabular__seed1,qubit-zx-weak,one,tabular,1,training,4,Z0_X0,62,0.5645161290322581,7.914285714285715,6.322741935483871
qubit-zx-weak__one__tabular__seed1,qubit-zx-weak,one,tabular,1,training,5,X0_Z0,53,0.7924528301886793,6.023809523809524,8.806415094339624
qubit-zx-weak__one__tabular__seed1,qubit-zx-weak,one,tabular,1,training,6,weakZ0_Z0,55,0.5454545454545454,7.366666666666666,6.196363636363639
qubit-zx-weak__one__tabular__seed1,qubit-zx-weak,one,tabular,1,training,-1,OVERALL,400,0.7775,5.102893890675241,8.073325
qubit-zx-weak__one__tabular__seed1,qubit-zx-weak,one,tabular,1,evaluation,0,Z0,100,0.95,6.157894736842105,9.443500000000002
qubit-zx-weak__one__tabular__seed1,qubit-zx-weak,one,tabular,1,evaluation,1,Z1,100,1.0,1.0,10.0
qubit-zx-weak__one__tabular__seed1,qubit-zx-weak,one,tabular,1,evaluation,2,X0,100,0.87,5.114942528735632,8.644699999999998
qubit-zx-weak__one__tabular__seed1,qubit-zx-weak,one,tabular,1,evaluation,3,X1,100,0.85,6.047058823529412,8.4346
qubit-zx-weak__one__tabular__seed1,qubit-zx-weak,one,tabular,1,evaluation,4,Z0_X0,100,0.66,7.212121212121212,7.366500000000001
qubit-zx-weak__one__tabular__seed1,qubit-zx-weak,one,tabular,1,evaluation,5,X0_Z0,100,0.68,6.514705882352941,7.552800000000001
qubit-zx-weak__one__tabular__seed1,qubit-zx-weak,one,tabular,1,evaluation,6,weakZ0_Z0,100,0.6,7.533333333333333,6.829999999999999
qubit-zx-weak__one__tabular__seed1,qubit-zx-weak,one,tabular,1,evaluation,-1,OVERALL,700,0.8014285714285714,5.374331550802139,8.324585714285714
qubit-zx-weak__one__gru__seed0,qubit-zx-weak,one,gru,0,training,0,Z0,62,0.7096774193548387,5.863636363636363,7.0187096774193565
qubit-zx-weak__one__gru__seed0,qubit-zx-weak,one,gru,0,training,1,Z1,65,1.0,1.6307692307692307,9.993692307692308
qubit-zx-weak__one__gru__seed0,qubit-zx-weak,one,gru,0,training,2,X0,46,0.9782608695652174,5.0,9.74021739130435
qubit-zx-weak__one__gru__seed0,qubit-zx-weak,one,gru,0,training,3,X1,63,0.8095238095238095,4.2745098039215685,8.04015873015873
qubit-zx-weak__one__gru__seed0,qubit-zx-weak,one,gru,0,training,4,Z0_X0,64,0.71875,6.1521739130434785,7.97625
qubit-zx-weak__one__gru__seed0,qubit-zx-weak,one,gru,0,training,5,X0_Z0,50,0.86,7.255813953488372,9.4342
qubit-zx-weak__one__gru__seed0,qubit-zx-weak,one,gru,0,training,6,weakZ0_Z0,50,0.52,7.615384615384615,5.6996
qubit-zx-weak__one__gru__seed0,qubit-zx-weak,one,gru,0,training,-1,OVERALL,400,0.8,5.0,8.26625
qubit-zx-weak__one__gru__seed0,qubit-zx-weak,one,gru,0,evaluation,0,Z0,100,0.98,4.836734693877551,9.759400000000001
qubit-zx-weak__one__gru__seed0,qubit-zx-weak,one,gru,0,evaluation,1,Z1,100,1.0,1.0,10.0
qubit-zx-weak__one__gru__seed0,qubit-zx-weak,one,gru,0,evaluation,2,X0,100,1.0,3.96,9.9704
qubit-zx-weak__one__gru__seed0,qubit-zx-weak,one,gru,0,evaluation,3,X1,100,0.96,3.34375,9.5715
qubit-zx-weak__one__gru__seed0,qubit-zx-weak,one,gru,0,evaluation,4,Z0_X0,100,0.94,6.468085106382978,10.349599999999999
qubit-zx-weak__one__gru__seed0,qubit-zx-weak,one,gru,0,evaluation,5,X0_Z0,100,0.98,6.489795918367347,10.753200000000001
qubit-zx-weak__one__gru__seed0,qubit-zx-weak,one,gru,0,evaluation,6,weakZ0_Z0,100,0.45,6.5777777777777775,4.846900000000001
qubit-zx-weak__one__gru__seed0,qubit-zx-weak,one,gru,0,evaluation,-1,OVERALL,700,0.9014285714285715,4.486529318541997,9.32157142857143
qubit-zx-weak__one__gru__seed1,qubit-zx-weak,one,gru,1,training,0,Z0,55,0.9090909090909091,5.18,9.03927272727273
qubit-zx-weak__one__gru__seed1,qubit-zx-weak,one,gru,1,training,1,Z1,64,0.96875,1.596774193548387,9.67703125
qubit-zx-weak__one__gru__seed1,qubit-zx-weak,one,gru,1,training,2,X0,57,1.0,3.754385964912281,9.972456140350879
qubit-zx-weak__one__gru__seed1,qubit-zx-weak,one,gru,1,training,3,X1,54,0.9629629629629629,3.0384615384615383,9.604444444444445
qubit-zx-weak__one__gru__seed1,qubit-zx-weak,one,gru,1,training,4,Z0_X0,62,0.8225806451612904,7.9411764705882355,9.070645161290326
qubit-zx-weak__one__gru__seed1,qubit-zx-weak,one,gru,1,training,5,X0_Z0,53,0.9056603773584906,6.645833333333333,9.925094339622643
qubit-zx-weak__one__gru__seed1,qubit-zx-weak,one,gru,1,training,6,weakZ0_Z0,55,0.21818181818181817,10.333333333333334,2.264545454545454
qubit-zx-weak__one__gru__seed1,qubit-zx-weak,one,gru,1,training,-1,OVERALL,400,0.83,4.753012048192771,8.5413
qubit-zx-weak__one__gru__seed1,qubit-zx-weak,one,gru,1,evaluation,0,Z0,100,1.0,4.88,9.961200000000003
qubit-zx-weak__one__gru__seed1,qubit-zx-weak,one,gru,1,evaluation,1,Z1,100,1.0,1.0,10.0
qubit-zx-weak__one__gru__seed1,qubit-zx-weak,one,gru,1,evaluation,2,X0,100,1.0,3.0,9.98
qubit-zx-weak__one__gru__seed1,qubit-zx-weak,one,gru,1,evaluation,3,X1,100,0.98,2.8469387755102042,9.7789
qubit-zx-weak__one__gru__seed1,qubit-zx-weak,one,gru,1,evaluation,4,Z0_X0,100,0.98,6.3061224489795915,10.754999999999997
qubit-zx-weak__one__gru__seed1,qubit-zx-weak,one,gru,1,evaluation,5,X0_Z0,100,0.97,5.402061855670103,10.662799999999999
qubit-zx-weak__one__gru__seed1,qubit-zx-weak,one,gru,1,evaluation,6,weakZ0_Z0,100,0.0,nan,-0.15
qubit-zx-weak__one__gru__seed1,qubit-zx-weak,one,gru,1,evaluation,-1,OVERALL,700,0.8471428571428572,3.893760539629005,8.712557142857143
qubit-zx-weak__one__multi-gru__seed0,qubit-zx-weak,one,multi-gru,0,training,0,Z0,62,0.8064516129032258,6.0,7.995161290322581
qubit-zx-weak__one__multi-gru__seed0,qubit-zx-weak,one,multi-gru,0,training,1,Z1,65,1.0,1.7230769230769232,9.99276923076923
qubit-zx-weak__one__multi-gru__seed0,qubit-zx-weak,one,multi-gru,0,training,2,X0,46,0.8913043478260869,3.926829268292683,8.870652173913044
qubit-zx-weak__one__multi-gru__seed0,qubit-zx-weak,one,multi-gru,0,training,3,X1,63,0.9365079365079365,3.9661016949152543,9.32777777777778
qubit-zx-weak__one__multi-gru__seed0,qubit-zx-weak,one,multi-gru,0,training,4,Z0_X0,64,0.796875,7.352941176470588,8.7871875
qubit-zx-weak__one__multi-gru__seed0,qubit-zx-weak,one,multi-gru,0,training,5,X0_Z0,50,0.74,7.0,8.1852
qubit-zx-weak__one__multi-gru__seed0,qubit-zx-weak,one,multi-gru,0,training,6,weakZ0_Z0,50,0.56,8.678571428571429,6.157600000000001
qubit-zx-weak__one__multi-gru__seed0,qubit-zx-weak,one,multi-gru,0,training,-1,OVERALL,400,0.8275,5.087613293051359,8.551124999999999
qubit-zx-weak__one__multi-gru__seed0,qubit-zx-weak,one,multi-gru,0,evaluation,0,Z0,100,1.0,4.96,9.960400000000002
qubit-zx-weak__one__multi-gru__seed0,qubit-zx-weak,one,multi-gru,0,evaluation,1,Z1,100,1.0,1.0,10.0
qubit-zx-weak__one__multi-gru__seed0,qubit-zx-weak,one,multi-gru,0,evaluation,2,X0,100,1.0,2.98,9.980200000000002
qubit-zx-weak__one__multi-gru__seed0,qubit-zx-weak,one,multi-gru,0,evaluation,3,X1,100,0.98,2.9591836734693877,9.777800000000001
qubit-zx-weak__one__multi-gru__seed0,qubit-zx-weak,one,multi-gru,0,evaluation,4,Z0_X0,100,0.95,6.136842105263158,10.4537
qubit-zx-weak__one__multi-gru__seed0,qubit-zx-weak,one,multi-gru,0,evaluation,5,X0_Z0,100,0.98,6.346938775510204,10.7546
qubit-zx-weak__one__multi-gru__seed0,qubit-zx-weak,one,multi-gru,0,evaluation,6,weakZ0_Z0,100,0.29,6.0344827586206895,3.0718000000000014
qubit-zx-weak__one__multi-gru__seed0,qubit-zx-weak,one,multi-gru,0,evaluation,-1,OVERALL,700,0.8857142857142857,4.135483870967742,9.142642857142858
qubit-zx-weak__one__multi-gru__seed1,qubit-zx-weak,one,multi-gru,1,training,0,Z0,55,0.9090909090909091,5.9,9.032727272727273
qubit-zx-weak__one__multi-gru__seed1,qubit-zx-weak,one,multi-gru,1,training,1,Z1,64,0.96875,1.8709677419354838,9.674375000000001
qubit-zx-weak__one__multi-gru__seed1,qubit-zx-weak,one,multi-gru,1,training,2,X0,57,0.9298245614035088,4.283018867924528,9.257192982456141
qubit-zx-weak__one__multi-gru__seed1,qubit-zx-weak,one,multi-gru,1,training,3,X1,54,0.9629629629629629,3.6153846153846154,9.59888888888889
qubit-zx-weak__one__multi-gru__seed1,qubit-zx-weak,one,multi-gru,1,training,4,Z0_X0,62,0.7096774193548387,6.7272727272727275,7.908548387096774
qubit-zx-weak__one__multi-gru__seed1,qubit-zx-weak,one,multi-gru,1,training,5,X0_Z0,53,0.8301886792452831,6.954545454545454,9.179811320754718
qubit-zx-weak__one__multi-gru__seed1,qubit-zx-weak,one,multi-gru,1,training,6,weakZ0_Z0,55,0.2545454545454545,9.214285714285714,2.7616363636363634
qubit-zx-weak__one__multi-gru__seed1,qubit-zx-weak,one,multi-gru,1,training,-1,OVERALL,400,0.7975,4.8808777429467085,8.226775
qubit-zx-weak__one__multi-gru__seed1,qubit-zx-weak,one,multi-gru,1,evaluation,0,Z0,100,1.0,4.88,9.961200000000003
qubit-zx-weak__one__multi-gru__seed1,qubit-zx-weak,one,multi-gru,1,evaluation,1,Z1,100,1.0,1.0,10.0
qubit-zx-weak__one__multi-gru__seed1,qubit-zx-weak,one,multi-gru,1,evaluation,2,X0,100,1.0,4.0,9.97
qubit-zx-weak__one__multi-gru__seed1,qubit-zx-weak,one,multi-gru,1,evaluation,3,X1,100,0.98,3.3979591836734695,9.7735
qubit-zx-weak__one__multi-gru__seed1,qubit-zx-weak,one,multi-gru,1,evaluation,4,Z0_X0,100,0.89,6.51685393258427,9.8242
qubit-zx-weak__one__multi-gru__seed1,qubit-zx-weak,one,multi-gru,1,evaluation,5,X0_Z0,100,0.98,6.428571428571429,10.753800000000002
qubit-zx-weak__one__multi-gru__seed1,qubit-zx-weak,one,multi-gru,1,evaluation,6,weakZ0_Z0,100,0.0,nan,-0.15
qubit-zx-weak__one__multi-gru__seed1,qubit-zx-weak,one,multi-gru,1,evaluation,-1,OVERALL,700,0.8357142857142857,4.326495726495726,8.590385714285715
qubit-zx-weak__plus__tabular__seed0,qubit-zx-weak,plus,tabular,0,training,0,Z0,62,0.8225806451612904,4.411764705882353,8.171129032258065
qubit-zx-weak__plus__tabular__seed0,qubit-zx-weak,plus,tabular,0,training,1,Z1,65,0.9076923076923077,4.5423728813559325,9.030923076923077
qubit-zx-weak__plus__tabular__seed0,qubit-zx-weak,plus,tabular,0,training,2,X0,46,0.9782608695652174,1.4222222222222223,9.775217391304347
qubit-zx-weak__plus__tabular__seed0,qubit-zx-weak,plus,tabular,0,training,3,X1,63,0.8412698412698413,4.716981132075472,8.35761904761905
qubit-zx-weak__plus__tabular__seed0,qubit-zx-weak,plus,tabular,0,training,4,Z0_X0,64,0.734375,6.425531914893617,8.16359375
qubit-zx-weak__plus__tabular__seed0,qubit-zx-weak,plus,tabular,0,training,5,X0_Z0,50,0.78,5.538461538461538,8.7416
qubit-zx-weak__plus__tabular__seed0,qubit-zx-weak,plus,tabular,0,training,6,weakZ0_Z0,50,0.76,4.815789473684211,8.443999999999999
qubit-zx-weak__plus__tabular__seed0,qubit-zx-weak,plus,tabular,0,training,-1,OVERALL,400,0.83,4.542168674698795,8.6289
qubit-zx-weak__plus__tabular__seed0,qubit-zx-weak,plus,tabular,0,evaluation,0,Z0,100,0.88,4.318181818181818,8.7528
qubit-zx-weak__plus__tabular__seed0,qubit-zx-weak,plus,tabular,0,evaluation,1,Z1,100,0.85,4.564705882352941,8.4472
qubit-zx-weak__plus__tabular__seed0,qubit-zx-weak,plus,tabular,0,evaluation,2,X0,100,1.0,1.0,10.0
qubit-zx-weak__plus__tabular__seed0,qubit-zx-weak,plus,tabular,0,evaluation,3,X1,100,0.94,4.840425531914893,9.3549
qubit-zx-weak__plus__tabular__seed0,qubit-zx-weak,plus,tabular,0,evaluation,4,Z0_X0,100,0.85,5.258823529411765,9.421
qubit-zx-weak__plus__tabular__seed0,qubit-zx-weak,plus,tabular,0,evaluation,5,X0_Z0,100,0.84,5.9523809523809526,9.3444
qubit-zx-weak__plus__tabular__seed0,qubit-zx-weak,plus,tabular,0,evaluation,6,weakZ0_Z0,100,0.83,4.831325301204819,9.212299999999999
qubit-zx-weak__plus__tabular__seed0,qubit-zx-weak,plus,tabular,0,evaluation,-1,OVERALL,700,0.8842857142857142,4.315024232633279,9.218942857142858
qubit-zx-weak__plus__tabular__seed1,qubit-zx-weak,plus,tabular,1,training,0,Z0,55,0.9090909090909091,3.78,9.052
qubit-zx-weak__plus__tabular__seed1,qubit-zx-weak,plus,tabular,1,training,1,Z1,64,0.921875,3.9322033898305087,9.18
qubit-zx-weak__plus__tabular__seed1,qubit-zx-weak,plus,tabular,1,training,2,X0,57,0.9824561403508771,1.8928571428571428,9.813157894736843
qubit-zx-weak__plus__tabular__seed1,qubit-zx-weak,plus,tabular,1,training,3,X1,54,0.8518518518518519,5.869565217391305,8.454814814814817
qubit-zx-weak__plus__tabular__seed1,qubit-zx-weak,plus,tabular,1,training,4,Z0_X0,62,0.532258064516129,7.515151515151516,5.999677419354839
qubit-zx-weak__plus__tabular__seed1,qubit-zx-weak,plus,tabular,1,training,5,X0_Z0,53,0.9056603773584906,4.875,9.998301886792454
qubit-zx-weak__plus__tabular__seed1,qubit-zx-weak,plus,tabular,1,training,6,weakZ0_Z0,55,0.7090909090909091,5.512820512820513,7.951818181818182
qubit-zx-weak__plus__tabular__seed1,qubit-zx-weak,plus,tabular,1,training,-1,OVERALL,400,0.8275,4.513595166163142,8.601325
qubit-zx-weak__plus__tabular__seed1,qubit-zx-weak,plus,tabular,1,evaluation,0,Z0,100,0.88,3.4318181818181817,8.7606
qubit-zx-weak__plus__tabular__seed1,qubit-zx-weak,plus,tabular,1,evaluation,1,Z1,100,0.89,3.50561797752809,8.8612
qubit-zx-weak__plus__tabular__seed1,qubit-zx-weak,plus,tabular,1,evaluation,2,X0,100,1.0,1.0,10.0
qubit-zx-weak__plus__tabular__seed1,qubit-zx-weak,plus,tabular,1,evaluation,3,X1,100,0.86,6.546511627906977,8.531300000000002
qubit-zx-weak__plus__tabular__seed1,qubit-zx-weak,plus,tabular,1,evaluation,4,Z0_X0,100,0.78,6.846153846153846,8.650599999999999
qubit-zx-weak__plus__tabular__seed1,qubit-zx-weak,plus,tabular,1,evaluation,5,X0_Z0,100,0.84,4.595238095238095,9.355799999999999
qubit-zx-weak__plus__tabular__seed1,qubit-zx-weak,plus,tabular,1,evaluation,6,weakZ0_Z0,100,0.85,5.341176470588235,9.4102
qubit-zx-weak__plus__tabular__seed1,qubit-zx-weak,plus,tabular,1,evaluation,-1,OVERALL,700,0.8714285714285714,4.345901639344262,9.081385714285714
qubit-zx-weak__plus__gru__seed0,qubit-zx-weak,plus,gru,0,training,0,Z0,62,0.7580645161290323,3.574468085106383,7.524838709677421
qubit-zx-weak__plus__gru__seed0,qubit-zx-weak,plus,gru,0,training,1,Z1,65,0.8307692307692308,3.9814814814814814,8.257538461538461
qubit-zx-weak__plus__gru__seed0,qubit-zx-weak,plus,gru,0,training,2,X0,46,0.9565217391304348,4.386363636363637,9.526304347826088
qubit-zx-weak__plus__gru__seed0,qubit-zx-weak,plus,gru,0,training,3,X1,63,0.7777777777777778,6.3061224489795915,7.703174603174604
qubit-zx-weak__plus__gru__seed0,qubit-zx-weak,plus,gru,0,training,4,Z0_X0,64,0.734375,5.48936170212766,8.17046875
qubit-zx-weak__plus__gru__seed0,qubit-zx-weak,plus,gru,0,training,5,X0_Z0,50,0.8,7.35,8.808
qubit-zx-weak__plus__gru__seed0,qubit-zx-weak,plus,gru,0,training,6,weakZ0_Z0,50,0.62,4.516129032258065,6.808
qubit-zx-weak__plus__gru__seed0,qubit-zx-weak,plus,gru,0,training,-1,OVERALL,400,0.78,5.05448717948718,8.07625
qubit-zx-weak__plus__gru__seed0,qubit-zx-weak,plus,gru,0,evaluation,0,Z0,100,0.5,1.0,4.925000000000001
qubit-zx-weak__plus__gru__seed0,qubit-zx-weak,plus,gru,0,evaluation,1,Z1,100,0.48,1.0,4.722000000000001
qubit-zx-weak__plus__gru__seed0,qubit-zx-weak,plus,gru,0,evaluation,2,X0,100,0.99,4.121212121212121,9.8676
qubit-zx-weak__plus__gru__seed0,qubit-zx-weak,plus,gru,0,evaluation,3,X1,100,0.99,5.101010101010101,9.8579
qubit-zx-weak__plus__gru__seed0,qubit-zx-weak,plus,gru,0,evaluation,4,Z0_X0,100,0.96,6.333333333333333,10.5427
qubit-zx-weak__plus__gru__seed0,qubit-zx-weak,plus,gru,0,evaluation,5,X0_Z0,100,0.97,6.010309278350515,10.6569
qubit-zx-weak__plus__gru__seed0,qubit-zx-weak,plus,gru,0,evaluation,6,weakZ0_Z0,100,0.46,2.3260869565217392,5.5027
qubit-zx-weak__plus__gru__seed0,qubit-zx-weak,plus,gru,0,evaluation,-1,OVERALL,700,0.7642857142857142,4.3158878504672895,8.010685714285714
qubit-zx-weak__plus__gru__seed1,qubit-zx-weak,plus,gru,1,training,0,Z0,55,0.9454545454545454,3.826923076923077,9.419636363636362
qubit-zx-weak__plus__gru__seed1,qubit-zx-weak,plus,gru,1,training,1,Z1,64,0.90625,3.396551724137931,9.02671875
qubit-zx-weak__plus__gru__seed1,qubit-zx-weak,plus,gru,1,training,2,X0,57,0.9824561403508771,1.875,9.813333333333334
qubit-zx-weak__plus__gru__seed1,qubit-zx-weak,plus,gru,1,training,3,X1,54,0.9259259259259259,4.96,9.211481481481481
qubit-zx-weak__plus__gru__seed1,qubit-zx-weak,plus,gru,1,training,4,Z0_X0,62,0.7903225806451613,6.8979591836734695,8.721129032258068
qubit-zx-weak__plus__gru__seed1,qubit-zx-weak,plus,gru,1,training,5,X0_Z0,53,0.9622641509433962,3.843137254901961,10.599622641509436
qubit-zx-weak__plus__gru__seed1,qubit-zx-weak,plus,gru,1,training,6,weakZ0_Z0,55,0.2727272727272727,6.6,2.951818181818181
qubit-zx-weak__plus__gru__seed1,qubit-zx-weak,plus,gru,1,training,-1,OVERALL,400,0.8275,4.175226586102719,8.543524999999999
qubit-zx-weak__plus__gru__seed1,qubit-zx-weak,plus,gru,1,evaluation,0,Z0,100,1.0,2.9,9.981
qubit-zx-weak__plus__gru__seed1,qubit-zx-weak,plus,gru,1,evaluation,1,Z1,100,1.0,3.42,9.975800000000001
qubit-zx-weak__plus__gru__seed1,qubit-zx-weak,plus,gru,1,evaluation,2,X0,100,1.0,1.0,10.0
qubit-zx-weak__plus__gru__seed1,qubit-zx-weak,plus,gru,1,evaluation,3,X1,100,0.99,4.606060606060606,9.862800000000002
qubit-zx-weak__plus__gru__seed1,qubit-zx-weak,plus,gru,1,evaluation,4,Z0_X0,100,0.98,6.244897959183674,10.7556
qubit-zx-weak__plus__gru__seed1,qubit-zx-weak,plus,gru,1,evaluation,5,X0_Z0,100,1.0,3.78,10.982200000000002
qubit-zx-weak__plus__gru__seed1,qubit-zx-weak,plus,gru,1,evaluation,6,weakZ0_Z0,100,0.0,nan,-0.15
qubit-zx-weak__plus__gru__seed1,qubit-zx-weak,plus,gru,1,evaluation,-1,OVERALL,700,0.8528571428571429,3.648241206030151,8.772485714285715
qubit-zx-weak__plus__multi-gru__seed0,qubit-zx-weak,plus,multi-gru,0,training,0,Z0,62,0.8387096774193549,2.730769230769231,8.348387096774195
qubit-zx-weak__plus__multi-gru__seed0,qubit-zx-weak,plus,multi-gru,0,training,1,Z1,65,0.8307692307692308,3.4444444444444446,8.262
qubit-zx-weak__plus__multi-gru__seed0,qubit-zx-weak,plus,multi-gru,0,training,2,X0,46,1.0,4.304347826086956,9.966956521739132
qubit-zx-weak__plus__multi-gru__seed0,qubit-zx-weak,plus,multi-gru,0,training,3,X1,63,0.9206349206349206,6.155172413793103,9.146984126984128
qubit-zx-weak__plus__multi-gru__seed0,qubit-zx-weak,plus,multi-gru,0,training,4,Z0_X0,64,0.8125,6.211538461538462,9.00140625
qubit-zx-weak__plus__multi-gru__seed0,qubit-zx-weak,plus,multi-gru,0,training,5,X0_Z0,50,0.8,7.15,8.8096
qubit-zx-weak__plus__multi-gru__seed0,qubit-zx-weak,plus,multi-gru,0,training,6,weakZ0_Z0,50,0.56,5.25,6.156600000000001
qubit-zx-weak__plus__multi-gru__seed0,qubit-zx-weak,plus,multi-gru,0,training,-1,OVERALL,400,0.825,4.966666666666667,8.534425
qubit-zx-weak__plus__multi-gru__seed0,qubit-zx-weak,plus,multi-gru,0,evaluation,0,Z0,100,1.0,2.86,9.9814
qubit-zx-weak__plus__multi-gru__seed0,qubit-zx-weak,plus,multi-gru,0,evaluation,1,Z1,100,1.0,2.96,9.980400000000001
qubit-zx-weak__plus__multi-gru__seed0,qubit-zx-weak,plus,multi-gru,0,evaluation,2,X0,100,1.0,3.86,9.971400000000001
qubit-zx-weak__plus__multi-gru__seed0,qubit-zx-weak,plus,multi-gru,0,evaluation,3,X1,100,0.97,4.752577319587629,9.659100000000002
qubit-zx-weak__plus__multi-gru__seed0,qubit-zx-weak,plus,multi-gru,0,evaluation,4,Z0_X0,100,0.94,5.276595744680851,10.360800000000001
qubit-zx-weak__plus__multi-gru__seed0,qubit-zx-weak,plus,multi-gru,0,evaluation,5,X0_Z0,100,0.98,6.428571428571429,10.753800000000002
qubit-zx-weak__plus__multi-gru__seed0,qubit-zx-weak,plus,multi-gru,0,evaluation,6,weakZ0_Z0,100,0.55,3.2,5.986000000000001
qubit-zx-weak__plus__multi-gru__seed0,qubit-zx-weak,plus,multi-gru,0,evaluation,-1,OVERALL,700,0.92,4.240683229813665,9.527557142857145
qubit-zx-weak__plus__multi-gru__seed1,qubit-zx-weak,plus,multi-gru,1,training,0,Z0,55,0.9272727272727272,3.0980392156862746,9.242363636363638
qubit-zx-weak__plus__multi-gru__seed1,qubit-zx-weak,plus,multi-gru,1,training,1,Z1,64,0.953125,4.704918032786885,9.488906250000001
qubit-zx-weak__plus__multi-gru__seed1,qubit-zx-weak,plus,multi-gru,1,training,2,X0,57,0.9298245614035088,1.5849056603773586,9.282280701754386
qubit-zx-weak__plus__multi-gru__seed1,qubit-zx-weak,plus,multi-gru,1,training,3,X1,54,0.9629629629629629,4.980769230769231,9.585740740740743
qubit-zx-weak__plus__multi-gru__seed1,qubit-zx-weak,plus,multi-gru,1,training,4,Z0_X0,62,0.8548387096774194,7.056603773584905,9.370806451612907
qubit-zx-weak__plus__multi-gru__seed1,qubit-zx-weak,plus,multi-gru,1,training,5,X0_Z0,53,0.9245283018867925,7.775510204081633,10.181320754716982
qubit-zx-weak__plus__multi-gru__seed1,qubit-zx-weak,plus,multi-gru,1,training,6,weakZ0_Z0,55,0.41818181818181815,6.260869565217392,4.60509090909091
qubit-zx-weak__plus__multi-gru__seed1,qubit-zx-weak,plus,multi-gru,1,training,-1,OVERALL,400,0.855,4.932748538011696,8.84055
qubit-zx-weak__plus__multi-gru__seed1,qubit-zx-weak,plus,multi-gru,1,evaluation,0,Z0,100,1.0,2.9,9.981
qubit-zx-weak__plus__multi-gru__seed1,qubit-zx-weak,plus,multi-gru,1,evaluation,1,Z1,100,1.0,3.42,9.975800000000001
qubit-zx-weak__plus__multi-gru__seed1,qubit-zx-weak,plus,multi-gru,1,evaluation,2,X0,100,1.0,1.0,10.0
qubit-zx-weak__plus__multi-gru__seed1,qubit-zx-weak,plus,multi-gru,1,evaluation,3,X1,100,0.99,4.656565656565657,9.862300000000003
qubit-zx-weak__plus__multi-gru__seed1,qubit-zx-weak,plus,multi-gru,1,evaluation,4,Z0_X0,100,0.98,6.224489795918367,10.755799999999999
qubit-zx-weak__plus__multi-gru__seed1,qubit-zx-weak,plus,multi-gru,1,evaluation,5,X0_Z0,100,0.97,6.443298969072165,10.642600000000002
qubit-zx-weak__plus__multi-gru__seed1,qubit-zx-weak,plus,multi-gru,1,evaluation,6,weakZ0_Z0,100,0.55,2.5454545454545454,6.2825000000000015
qubit-zx-weak__plus__multi-gru__seed1,qubit-zx-weak,plus,multi-gru,1,evaluation,-1,OVERALL,700,0.9271428571428572,3.9568567026194144,9.642857142857142
qubit-pauli__plus-i__tabular__seed0,qubit-pauli,plus-i,tabular,0,training,0,Z0,62,0.9354838709677419,3.8620689655172415,9.318387096774194
qubit-pauli__plus-i__tabular__seed0,qubit-pauli,plus-i,tabular,0,training,1,X0,65,0.9076923076923077,4.084745762711864,9.035076923076925
qubit-pauli__plus-i__tabular__seed0,qubit-pauli,plus-i,tabular,0,training,2,Y0,46,1.0,1.5217391304347827,9.994782608695653
qubit-pauli__plus-i__tabular__seed0,qubit-pauli,plus-i,tabular,0,training,3,Z0_X0,63,0.7301587301587301,6.934782608695652,8.163650793650795
qubit-pauli__plus-i__tabular__seed0,qubit-pauli,plus-i,tabular,0,training,4,X0_Z0,64,0.703125,6.777777777777778,7.8771875
qubit-pauli__plus-i__tabular__seed0,qubit-pauli,plus-i,tabular,0,training,5,Y0_X1,50,0.84,6.214285714285714,9.3422
qubit-pauli__plus-i__tabular__seed0,qubit-pauli,plus-i,tabular,0,training,6,Z0_X0_Y0,50,0.54,11.592592592592593,6.9908
qubit-pauli__plus-i__tabular__seed0,qubit-pauli,plus-i,tabular,0,training,-1,OVERALL,400,0.8075,5.365325077399381,8.649700000000001
qubit-pauli__plus-i__tabular__seed0,qubit-pauli,plus-i,tabular,0,evaluation,0,Z0,100,0.99,3.757575757575758,9.8712
qubit-pauli__plus-i__tabular__seed0,qubit-pauli,plus-i,tabular,0,evaluation,1,X0,100,0.98,3.489795918367347,9.7726
qubit-pauli__plus-i__tabular__seed0,qubit-pauli,plus-i,tabular,0,evaluation,2,Y0,100,1.0,1.0,10.0
qubit-pauli__plus-i__tabular__seed0,qubit-pauli,plus-i,tabular,0,evaluation,3,Z0_X0,100,0.86,5.0,9.5546
qubit-pauli__plus-i__tabular__seed0,qubit-pauli,plus-i,tabular,0,evaluation,4,X0_Z0,100,0.85,6.305882352941176,9.402000000000001
qubit-pauli__plus-i__tabular__seed0,qubit-pauli,plus-i,tabular,0,evaluation,5,Y0_X1,100,0.89,4.146067415730337,9.8655
qubit-pauli__plus-i__tabular__seed0,qubit-pauli,plus-i,tabular,0,evaluation,6,Z0_X0_Y0,100,0.56,8.857142857142858,7.1161
qubit-pauli__plus-i__tabular__seed0,qubit-pauli,plus-i,tabular,0,evaluation,-1,OVERALL,700,0.8757142857142857,4.314845024469821,9.368857142857143
qubit-pauli__plus-i__tabular__seed1,qubit-pauli,plus-i,tabular,1,training,0,Z0,55,0.9272727272727272,4.0,9.234
qubit-pauli__plus-i__tabular__seed1,qubit-pauli,plus-i,tabular,1,training,1,X0,64,0.921875,3.694915254237288,9.182187500000001
qubit-pauli__plus-i__tabular__seed1,qubit-pauli,plus-i,tabular,1,training,2,Y0,57,0.9649122807017544,1.2545454545454546,9.641403508771932
qubit-pauli__plus-i__tabular__seed1,qubit-pauli,plus-i,tabular,1,training,3,Z0_X0,54,0.7407407407407407,7.3,8.200925925925928
qubit-pauli__plus-i__tabular__seed1,qubit-pauli,plus-i,tabular,1,training,4,X0_Z0,62,0.7580645161290323,6.297872340425532,8.383870967741935
qubit-pauli__plus-i__tabular__seed1,qubit-pauli,plus-i,tabular,1,training,5,Y0_X1,53,0.8679245283018868,5.673913043478261,9.628867924528302
qubit-pauli__plus-i__tabular__seed1,qubit-pauli,plus-i,tabular,1,training,6,Z0_X0_Y0,55,0.4727272727272727,10.115384615384615,6.294545454545456
qubit-pauli__plus-i__tabular__seed1,qubit-pauli,plus-i,tabular,1,training,-1,OVERALL,400,0.81,4.947530864197531,8.660675000000001
qubit-pauli__plus-i__tabular__seed1,qubit-pauli,plus-i,tabular,1,evaluation,0,Z0,100,0.91,3.5274725274725274,9.0635
qubit-pauli__plus-i__tabular__seed1,qubit-pauli,plus-i,tabular,1,evaluation,1,X0,100,0.98,2.795918367346939,9.779400000000003
qubit-pauli__plus-i__tabular__seed1,qubit-pauli,plus-i,tabular,1,evaluation,2,Y0,100,1.0,1.0,10.0
qubit-pauli__plus-i__tabular__seed1,qubit-pauli,plus-i,tabular,1,evaluation,3,Z0_X0,100,0.79,8.253164556962025,8.740400000000001
qubit-pauli__plus-i__tabular__seed1,qubit-pauli,plus-i,tabular,1,evaluation,4,X0_Z0,100,0.8,6.0875,8.878700000000002
qubit-pauli__plus-i__tabular__seed1,qubit-pauli,plus-i,tabular,1,evaluation,5,Y0_X1,100,0.94,4.5212765957446805,10.367900000000002
qubit-pauli__plus-i__tabular__seed1,qubit-pauli,plus-i,tabular,1,evaluation,6,Z0_X0_Y0,100,0.53,9.20754716981132,6.9535
qubit-pauli__plus-i__tabular__seed1,qubit-pauli,plus-i,tabular,1,evaluation,-1,OVERALL,700,0.85,4.616806722689075,9.111914285714287
qubit-pauli__plus-i__gru__seed0,qubit-pauli,plus-i,gru,0,training,0,Z0,62,0.9193548387096774,4.842105263157895,9.146129032258065
qubit-pauli__plus-i__gru__seed0,qubit-pauli,plus-i,gru,0,training,1,X0,65,0.9538461538461539,3.3548387096774195,9.509076923076924
qubit-pauli__plus-i__gru__seed0,qubit-pauli,plus-i,gru,0,training,2,Y0,46,1.0,2.1956521739130435,9.98804347826087
qubit-pauli__plus-i__gru__seed0,qubit-pauli,plus-i,gru,0,training,3,Z0_X0,63,0.6190476190476191,7.564102564102564,6.926349206349207
qubit-pauli__plus-i__gru__seed0,qubit-pauli,plus-i,gru,0,training,4,X0_Z0,64,0.796875,6.823529411764706,8.807187500000001
qubit-pauli__plus-i__gru__seed0,qubit-pauli,plus-i,gru,0,training,5,Y0_X1,50,0.76,6.2368421052631575,8.433200000000001
qubit-pauli__plus-i__gru__seed0,qubit-pauli,plus-i,gru,0,training,6,Z0_X0_Y0,50,0.34,11.117647058823529,4.9634
qubit-pauli__plus-i__gru__seed0,qubit-pauli,plus-i,gru,0,training,-1,OVERALL,400,0.775,5.335483870967742,8.286125
qubit-pauli__plus-i__gru__seed0,qubit-pauli,plus-i,gru,0,evaluation,0,Z0,100,1.0,3.68,9.973199999999999
qubit-pauli__plus-i__gru__seed0,qubit-pauli,plus-i,gru,0,evaluation,1,X0,100,1.0,3.02,9.979800000000001
qubit-pauli__plus-i__gru__seed0,qubit-pauli,plus-i,gru,0,evaluation,2,Y0,100,1.0,1.0,10.0
qubit-pauli__plus-i__gru__seed0,qubit-pauli,plus-i,gru,0,evaluation,3,Z0_X0,100,0.98,5.877551020408164,10.749099999999999
qubit-pauli__plus-i__gru__seed0,qubit-pauli,plus-i,gru,0,evaluation,4,X0_Z0,100,0.94,6.446808510638298,10.349799999999998
qubit-pauli__plus-i__gru__seed0,qubit-pauli,plus-i,gru,0,evaluation,5,Y0_X1,100,1.0,3.86,10.9814
qubit-pauli__plus-i__gru__seed0,qubit-pauli,plus-i,gru,0,evaluation,6,Z0_X0_Y0,100,0.0,nan,1.8296000000000003
qubit-pauli__plus-i__gru__seed0,qubit-pauli,plus-i,gru,0,evaluation,-1,OVERALL,700,0.8457142857142858,3.949324324324324,9.12327142857143
qubit-pauli__plus-i__gru__seed1,qubit-pauli,plus-i,gru,1,training,0,Z0,55,0.9636363636363636,3.358490566037736,9.60818181818182
qubit-pauli__plus-i__gru__seed1,qubit-pauli,plus-i,gru,1,training,1,X0,64,0.90625,5.568965517241379,9.00703125
qubit-pauli__plus-i__gru__seed1,qubit-pauli,plus-i,gru,1,training,2,Y0,57,1.0,1.543859649122807,9.994561403508772
qubit-pauli__plus-i__gru__seed1,qubit-pauli,plus-i,gru,1,training,3,Z0_X0,54,0.8333333333333334,7.955555555555556,9.222962962962963
qubit-pauli__plus-i__gru__seed1,qubit-pauli,plus-i,gru,1,training,4,X0_Z0,62,0.7903225806451613,7.775510204081633,8.649032258064517
qubit-pauli__plus-i__gru__seed1,qubit-pauli,plus-i,gru,1,training,5,Y0_X1,53,0.9622641509433962,5.8431372549019605,10.580377358490566
qubit-pauli__plus-i__gru__seed1,qubit-pauli,plus-i,gru,1,training,6,Z0_X0_Y0,55,0.21818181818181817,10.5,3.678181818181819
qubit-pauli__plus-i__gru__seed1,qubit-pauli,plus-i,gru,1,training,-1,OVERALL,400,0.8125,5.390769230769231,8.679825000000001
qubit-pauli__plus-i__gru__seed1,qubit-pauli,plus-i,gru,1,evaluation,0,Z0,100,1.0,2.9,9.981
qubit-pauli__plus-i__gru__seed1,qubit-pauli,plus-i,gru,1,evaluation,1,X0,100,0.0,nan,-0.15
qubit-pauli__plus-i__gru__seed1,qubit-pauli,plus-i,gru,1,evaluation,2,Y0,100,1.0,1.0,10.0
qubit-pauli__plus-i__gru__seed1,qubit-pauli,plus-i,gru,1,evaluation,3,Z0_X0,100,0.94,8.25531914893617,10.3227
qubit-pauli__plus-i__gru__seed1,qubit-pauli,plus-i,gru,1,evaluation,4,X0_Z0,100,0.93,8.56989247311828,10.229100000000003
qubit-pauli__plus-i__gru__seed1,qubit-pauli,plus-i,gru,1,evaluation,5,Y0_X1,100,1.0,5.46,10.965400000000004
qubit-pauli__plus-i__gru__seed1,qubit-pauli,plus-i,gru,1,evaluation,6,Z0_X0_Y0,100,0.49,11.306122448979592,6.692000000000002
qubit-pauli__plus-i__gru__seed1,qubit-pauli,plus-i,gru,1,evaluation,-1,OVERALL,700,0.7657142857142857,5.71455223880597,8.291457142857144
qubit-pauli__plus-i__multi-gru__seed0,qubit-pauli,plus-i,multi-gru,0,training,0,Z0,62,0.8870967741935484,3.672727272727273,8.830322580645161
qubit-pauli__plus-i__multi-gru__seed0,qubit-pauli,plus-i,multi-gru,0,training,1,X0,65,0.9384615384615385,3.3278688524590163,9.353538461538461
qubit-pauli__plus-i__multi-gru__seed0,qubit-pauli,plus-i,multi-gru,0,training,2,Y0,46,0.9782608695652174,1.8,9.771521739130435
qubit-pauli__plus-i__multi-gru__seed0,qubit-pauli,plus-i,multi-gru,0,training,3,Z0_X0,63,0.8571428571428571,6.462962962962963,9.465079365079367
qubit-pauli__plus-i__multi-gru__seed0,qubit-pauli,plus-i,multi-gru,0,training,4,X0_Z0,64,0.734375,7.9361702127659575,8.10515625
qubit-pauli__plus-i__multi-gru__seed0,qubit-pauli,plus-i,multi-gru,0,training,5,Y0_X1,50,0.84,5.619047619047619,9.327
qubit-pauli__plus-i__multi-gru__seed0,qubit-pauli,plus-i,multi-gru,0,training,6,Z0_X0_Y0,50,0.48,10.708333333333334,6.251
qubit-pauli__plus-i__multi-gru__seed0,qubit-pauli,plus-i,multi-gru,0,training,-1,OVERALL,400,0.82,5.185975609756097,8.7472
qubit-pauli__plus-i__multi-gru__seed0,qubit-pauli,plus-i,multi-gru,0,evaluation,0,Z0,100,1.0,2.94,9.980599999999999
qubit-pauli__plus-i__multi-gru__seed0,qubit-pauli,plus-i,multi-gru,0,evaluation,1,X0,100,1.0,3.64,9.9736
qubit-pauli__plus-i__multi-gru__seed0,qubit-pauli,plus-i,multi-gru,0,evaluation,2,Y0,100,1.0,1.0,10.0
qubit-pauli__plus-i__multi-gru__seed0,qubit-pauli,plus-i,multi-gru,0,evaluation,3,Z0_X0,100,0.97,5.237113402061856,10.664400000000002
qubit-pauli__plus-i__multi-gru__seed0,qubit-pauli,plus-i,multi-gru,0,evaluation,4,X0_Z0,100,0.92,6.978260869565218,10.143000000000002
qubit-pauli__plus-i__multi-gru__seed0,qubit-pauli,plus-i,multi-gru,0,evaluation,5,Y0_X1,100,0.99,4.02020202020202,10.8786
qubit-pauli__plus-i__multi-gru__seed0,qubit-pauli,plus-i,multi-gru,0,evaluation,6,Z0_X0_Y0,100,0.73,10.150684931506849,9.1622
qubit-pauli__plus-i__multi-gru__seed0,qubit-pauli,plus-i,multi-gru,0,evaluation,-1,OVERALL,700,0.9442857142857143,4.609682299546142,10.114628571428572
qubit-pauli__plus-i__multi-gru__seed1,qubit-pauli,plus-i,multi-gru,1,training,0,Z0,55,0.9454545454545454,3.0384615384615383,9.427090909090909
qubit-pauli__plus-i__multi-gru__seed1,qubit-pauli,plus-i,multi-gru,1,training,1,X0,64,0.953125,4.590163934426229,9.49
qubit-pauli__plus-i__multi-gru__seed1,qubit-pauli,plus-i,multi-gru,1,training,2,Y0,57,0.9649122807017544,2.290909090909091,9.63140350877193
qubit-pauli__plus-i__multi-gru__seed1,qubit-pauli,plus-i,multi-gru,1,training,3,Z0_X0,54,0.8703703703703703,7.297872340425532,9.620740740740741
qubit-pauli__plus-i__multi-gru__seed1,qubit-pauli,plus-i,multi-gru,1,training,4,X0_Z0,62,0.7903225806451613,6.612244897959184,8.723387096774195
qubit-pauli__plus-i__multi-gru__seed1,qubit-pauli,plus-i,multi-gru,1,training,5,Y0_X1,53,0.6792452830188679,6.138888888888889,7.509811320754718
qubit-pauli__plus-i__multi-gru__seed1,qubit-pauli,plus-i,multi-gru,1,training,6,Z0_X0_Y0,55,0.34545454545454546,10.473684210526315,4.81109090909091
qubit-pauli__plus-i__multi-gru__seed1,qubit-pauli,plus-i,multi-gru,1,training,-1,OVERALL,400,0.7975,5.175548589341693,8.4946
qubit-pauli__plus-i__multi-gru__seed1,qubit-pauli,plus-i,multi-gru,1,evaluation,0,Z0,100,1.0,2.9,9.981
qubit-pauli__plus-i__multi-gru__seed1,qubit-pauli,plus-i,multi-gru,1,evaluation,1,X0,100,0.0,nan,-0.15
qubit-pauli__plus-i__multi-gru__seed1,qubit-pauli,plus-i,multi-gru,1,evaluation,2,Y0,100,1.0,1.0,10.0
qubit-pauli__plus-i__multi-gru__seed1,qubit-pauli,plus-i,multi-gru,1,evaluation,3,Z0_X0,100,0.96,7.25,10.544
qubit-pauli__plus-i__multi-gru__seed1,qubit-pauli,plus-i,multi-gru,1,evaluation,4,X0_Z0,100,0.98,6.469387755102041,10.753400000000001
qubit-pauli__plus-i__multi-gru__seed1,qubit-pauli,plus-i,multi-gru,1,evaluation,5,Y0_X1,100,1.0,3.88,10.981200000000003
qubit-pauli__plus-i__multi-gru__seed1,qubit-pauli,plus-i,multi-gru,1,evaluation,6,Z0_X0_Y0,100,0.0,nan,-0.15
qubit-pauli__plus-i__multi-gru__seed1,qubit-pauli,plus-i,multi-gru,1,evaluation,-1,OVERALL,700,0.7057142857142857,4.267206477732794,7.422800000000001
qubit-unsharp__mixed__tabular__seed0,qubit-unsharp,mixed,tabular,0,training,0,wZ0,72,0.9583333333333334,3.3333333333333335,9.554722222222223
qubit-unsharp__mixed__tabular__seed0,qubit-unsharp,mixed,tabular,0,training,1,wX0,70,0.9142857142857143,3.1875,9.110000000000001
qubit-unsharp__mixed__tabular__seed0,qubit-unsharp,mixed,tabular,0,training,2,wY0,60,0.8333333333333334,3.82,8.284833333333335
qubit-unsharp__mixed__tabular__seed0,qubit-unsharp,mixed,tabular,0,training,3,wZ0_wX0,74,0.7567567567567568,5.875,8.408648648648649
qubit-unsharp__mixed__tabular__seed0,qubit-unsharp,mixed,tabular,0,training,4,wX0_wZ0,64,0.78125,5.7,8.689843750000001
qubit-unsharp__mixed__tabular__seed0,qubit-unsharp,mixed,tabular,0,training,5,wZ0_wX0_wY0,60,0.5,8.3,6.470833333333333
qubit-unsharp__mixed__tabular__seed0,qubit-unsharp,mixed,tabular,0,training,-1,OVERALL,400,0.7975,4.664576802507837,8.473425
qubit-unsharp__mixed__tabular__seed0,qubit-unsharp,mixed,tabular,0,evaluation,0,wZ0,100,0.97,2.7628865979381443,9.6784
qubit-unsharp__mixed__tabular__seed0,qubit-unsharp,mixed,tabular,0,evaluation,1,wX0,100,0.98,2.857142857142857,9.7788
qubit-unsharp__mixed__tabular__seed0,qubit-unsharp,mixed,tabular,0,evaluation,2,wY0,100,0.98,2.5816326530612246,9.7815
qubit-unsharp__mixed__tabular__seed0,qubit-unsharp,mixed,tabular,0,evaluation,3,wZ0_wX0,100,0.85,4.752941176470588,9.445500000000003
qubit-unsharp__mixed__tabular__seed0,qubit-unsharp,mixed,tabular,0,evaluation,4,wX0_wZ0,100,0.88,5.988636363636363,9.7279
qubit-unsharp__mixed__tabular__seed0,qubit-unsharp,mixed,tabular,0,evaluation,5,wZ0_wX0_wY0,100,0.47,7.425531914893617,6.3275
qubit-unsharp__mixed__tabular__seed0,qubit-unsharp,mixed,tabular,0,evaluation,-1,OVERALL,600,0.855,4.056530214424951,9.123266666666666
qubit-unsharp__mixed__tabular__seed1,qubit-unsharp,mixed,tabular,1,training,0,wZ0,64,0.921875,4.440677966101695,9.1753125
qubit-unsharp__mixed__tabular__seed1,qubit-unsharp,mixed,tabular,1,training,1,wX0,75,0.9733333333333334,2.8219178082191783,9.7116
qubit-unsharp__mixed__tabular__seed1,qubit-unsharp,mixed,tabular,1,training,2,wY0,66,0.9242424242424242,3.721311475409836,9.205909090909092
qubit-unsharp__mixed__tabular__seed1,qubit-unsharp,mixed,tabular,1,training,3,wZ0_wX0,75,0.7733333333333333,6.431034482758621,8.586533333333334
qubit-unsharp__mixed__tabular__seed1,qubit-unsharp,mixed,tabular,1,training,4,wX0_wZ0,57,0.6491228070175439,6.594594594594595,7.2882456140350875
qubit-unsharp__mixed__tabular__seed1,qubit-unsharp,mixed,tabular,1,training,5,wZ0_wX0_wY0,63,0.5396825396825397,8.470588235294118,6.922698412698414
qubit-unsharp__mixed__tabular__seed1,qubit-unsharp,mixed,tabular,1,training,-1,OVERALL,400,0.805,4.968944099378882,8.546824999999998
qubit-unsharp__mixed__tabular__seed1,qubit-unsharp,mixed,tabular,1,evaluation,0,wZ0,100,0.91,2.8131868131868134,9.069999999999999
qubit-unsharp__mixed__tabular__seed1,qubit-unsharp,mixed,tabular,1,evaluation,1,wX0,100,0.98,2.6122448979591835,9.7812
qubit-unsharp__mixed__tabular__seed1,qubit-unsharp,mixed,tabular,1,evaluation,2,wY0,100,0.95,3.231578947368421,9.4713
qubit-unsharp__mixed__tabular__seed1,qubit-unsharp,mixed,tabular,1,evaluation,3,wZ0_wX0,100,0.86,5.255813953488372,9.501900000000001
qubit-unsharp__mixed__tabular__seed1,qubit-unsharp,mixed,tabular,1,evaluation,4,wX0_wZ0,100,0.74,5.135135135135135,8.269699999999998
qubit-unsharp__mixed__tabular__seed1,qubit-unsharp,mixed,tabular,1,evaluation,5,wZ0_wX0_wY0,100,0.62,7.209677419354839,7.8013
qubit-unsharp__mixed__tabular__seed1,qubit-unsharp,mixed,tabular,1,evaluation,-1,OVERALL,600,0.8433333333333334,4.146245059288537,8.982566666666667
qubit-unsharp__mixed__gru__seed0,qubit-unsharp,mixed,gru,0,training,0,wZ0,72,0.9444444444444444,3.426470588235294,9.413194444444445
qubit-unsharp__mixed__gru__seed0,qubit-unsharp,mixed,gru,0,training,1,wX0,70,0.9714285714285714,3.25,9.688142857142857
qubit-unsharp__mixed__gru__seed0,qubit-unsharp,mixed,gru,0,training,2,wY0,60,0.8666666666666667,3.4615384615384617,8.625333333333336
qubit-unsharp__mixed__gru__seed0,qubit-unsharp,mixed,gru,0,training,3,wZ0_wX0,74,0.581081081081081,8.720930232558139,6.412837837837839
qubit-unsharp__mixed__gru__seed0,qubit-unsharp,mixed,gru,0,training,4,wX0_wZ0,64,0.6875,7.75,7.539218750000001
qubit-unsharp__mixed__gru__seed0,qubit-unsharp,mixed,gru,0,training,5,wZ0_wX0_wY0,60,0.11666666666666667,10.571428571428571,2.268666666666667
qubit-unsharp__mixed__gru__seed0,qubit-unsharp,mixed,gru,0,training,-1,OVERALL,400,0.705,5.049645390070922,7.41655
qubit-unsharp__mixed__gru__seed0,qubit-unsharp,mixed,gru,0,evaluation,0,wZ0,100,0.99,2.727272727272727,9.881400000000001
qubit-unsharp__mixed__gru__seed0,qubit-unsharp,mixed,gru,0,evaluation,1,wX0,100,0.98,2.663265306122449,9.780700000000001
qubit-unsharp__mixed__gru__seed0,qubit-unsharp,mixed,gru,0,evaluation,2,wY0,100,1.0,2.56,9.9844
qubit-unsharp__mixed__gru__seed0,qubit-unsharp,mixed,gru,0,evaluation,3,wZ0_wX0,100,0.7,7.3,7.668400000000002
qubit-unsharp__mixed__gru__seed0,qubit-unsharp,mixed,gru,0,evaluation,4,wX0_wZ0,100,0.83,7.180722891566265,9.091800000000001
qubit-unsharp__mixed__gru__seed0,qubit-unsharp,mixed,gru,0,evaluation,5,wZ0_wX0_wY0,100,0.57,10.210526315789474,7.259599999999999
qubit-unsharp__mixed__gru__seed0,qubit-unsharp,mixed,gru,0,evaluation,-1,OVERALL,600,0.845,4.883629191321499,8.944383333333333
qubit-unsharp__mixed__gru__seed1,qubit-unsharp,mixed,gru,1,training,0,wZ0,64,0.953125,4.032786885245901,9.4953125
qubit-unsharp__mixed__gru__seed1,qubit-unsharp,mixed,gru,1,training,1,wX0,75,0.9866666666666667,3.2837837837837838,9.842133333333335
qubit-unsharp__mixed__gru__seed1,qubit-unsharp,mixed,gru,1,training,2,wY0,66,0.9545454545454546,2.873015873015873,9.520757575757578
qubit-unsharp__mixed__gru__seed1,qubit-unsharp,mixed,gru,1,training,3,wZ0_wX0,75,0.4,7.233333333333333,4.423733333333334
qubit-unsharp__mixed__gru__seed1,qubit-unsharp,mixed,gru,1,training,4,wX0_wZ0,57,0.15789473684210525,10.222222222222221,1.757017543859649
qubit-unsharp__mixed__gru__seed1,qubit-unsharp,mixed,gru,1,training,5,wZ0_wX0_wY0,63,0.5396825396825397,9.852941176470589,6.931269841269842
qubit-unsharp__mixed__gru__seed1,qubit-unsharp,mixed,gru,1,training,-1,OVERALL,400,0.6775,4.8487084870848705,7.107075
qubit-unsharp__mixed__gru__seed1,qubit-unsharp,mixed,gru,1,evaluation,0,wZ0,100,1.0,3.21,9.9779
qubit-unsharp__mixed__gru__seed1,qubit-unsharp,mixed,gru,1,evaluation,1,wX0,100,0.99,2.3737373737373737,9.8849
qubit-unsharp__mixed__gru__seed1,qubit-unsharp,mixed,gru,1,evaluation,2,wY0,100,0.99,2.8484848484848486,9.8802
qubit-unsharp__mixed__gru__seed1,qubit-unsharp,mixed,gru,1,evaluation,3,wZ0_wX0,100,0.79,7.455696202531645,8.686100000000001
qubit-unsharp__mixed__gru__seed1,qubit-unsharp,mixed,gru,1,evaluation,4,wX0_wZ0,100,0.0,nan,-0.15
qubit-unsharp__mixed__gru__seed1,qubit-unsharp,mixed,gru,1,evaluation,5,wZ0_wX0_wY0,100,0.62,8.516129032258064,7.762900000000002
qubit-unsharp__mixed__gru__seed1,qubit-unsharp,mixed,gru,1,evaluation,-1,OVERALL,600,0.7316666666666667,4.453302961275626,7.673666666666667
qubit-unsharp__mixed__multi-gru__seed0,qubit-unsharp,mixed,multi-gru,0,training,0,wZ0,72,0.9305555555555556,4.3283582089552235,9.264166666666666
qubit-unsharp__mixed__multi-gru__seed0,qubit-unsharp,mixed,multi-gru,0,training,1,wX0,70,0.9857142857142858,3.4347826086956523,9.831
qubit-unsharp__mixed__multi-gru__seed0,qubit-unsharp,mixed,multi-gru,0,training,2,wY0,60,0.9166666666666666,2.981818181818182,9.136
qubit-unsharp__mixed__multi-gru__seed0,qubit-unsharp,mixed,multi-gru,0,training,3,wZ0_wX0,74,0.581081081081081,8.604651162790697,6.440810810810811
qubit-unsharp__mixed__multi-gru__seed0,qubit-unsharp,mixed,multi-gru,0,training,4,wX0_wZ0,64,0.703125,7.911111111111111,7.83765625
qubit-unsharp__mixed__multi-gru__seed0,qubit-unsharp,mixed,multi-gru,0,training,5,wZ0_wX0_wY0,60,0.3,10.666666666666666,4.027500000000001
qubit-unsharp__mixed__multi-gru__seed0,qubit-unsharp,mixed,multi-gru,0,training,-1,OVERALL,400,0.7425,5.417508417508418,7.808075
qubit-unsharp__mixed__multi-gru__seed0,qubit-unsharp,mixed,multi-gru,0,evaluation,0,wZ0,100,0.95,4.252631578947368,9.4616
qubit-unsharp__mixed__multi-gru__seed0,qubit-unsharp,mixed,multi-gru,0,evaluation,1,wX0,100,0.99,2.6161616161616164,9.8825
qubit-unsharp__mixed__multi-gru__seed0,qubit-unsharp,mixed,multi-gru,0,evaluation,2,wY0,100,0.99,2.505050505050505,9.8836
qubit-unsharp__mixed__multi-gru__seed0,qubit-unsharp,mixed,multi-gru,0,evaluation,3,wZ0_wX0,100,0.68,6.455882352941177,7.4825
qubit-unsharp__mixed__multi-gru__seed0,qubit-unsharp,mixed,multi-gru,0,evaluation,4,wX0_wZ0,100,0.85,6.117647058823529,9.4036
qubit-unsharp__mixed__multi-gru__seed0,qubit-unsharp,mixed,multi-gru,0,evaluation,5,wZ0_wX0_wY0,100,0.16,9.4375,1.9351999999999998
qubit-unsharp__mixed__multi-gru__seed0,qubit-unsharp,mixed,multi-gru,0,evaluation,-1,OVERALL,600,0.77,4.374458874458875,8.008166666666666
qubit-unsharp__mixed__multi-gru__seed1,qubit-unsharp,mixed,multi-gru,1,training,0,wZ0,64,0.96875,3.903225806451613,9.6546875
qubit-unsharp__mixed__multi-gru__seed1,qubit-unsharp,mixed,multi-gru,1,training,1,wX0,75,0.9866666666666667,3.054054054054054,9.844399999999998
qubit-unsharp__mixed__multi-gru__seed1,qubit-unsharp,mixed,multi-gru,1,training,2,wY0,66,0.9545454545454546,3.746031746031746,9.512424242424244
qubit-unsharp__mixed__multi-gru__seed1,qubit-unsharp,mixed,multi-gru,1,training,3,wZ0_wX0,75,0.6666666666666666,6.52,7.3474666666666675
qubit-unsharp__mixed__multi-gru__seed1,qubit-unsharp,mixed,multi-gru,1,training,4,wX0_wZ0,57,0.38596491228070173,9.590909090909092,4.30140350877193
qubit-unsharp__mixed__multi-gru__seed1,qubit-unsharp,mixed,multi-gru,1,training,5,wZ0_wX0_wY0,63,0.7142857142857143,8.977777777777778,8.822539682539682
qubit-unsharp__mixed__multi-gru__seed1,qubit-unsharp,mixed,multi-gru,1,training,-1,OVERALL,400,0.79,5.205696202531645,8.340274999999998
qubit-unsharp__mixed__multi-gru__seed1,qubit-unsharp,mixed,multi-gru,1,evaluation,0,wZ0,100,1.0,3.21,9.9779
qubit-unsharp__mixed__multi-gru__seed1,qubit-unsharp,mixed,multi-gru,1,evaluation,1,wX0,100,0.99,2.3737373737373737,9.8849
qubit-unsharp__mixed__multi-gru__seed1,qubit-unsharp,mixed,multi-gru,1,evaluation,2,wY0,100,0.99,2.8484848484848486,9.8802
qubit-unsharp__mixed__multi-gru__seed1,qubit-unsharp,mixed,multi-gru,1,evaluation,3,wZ0_wX0,100,0.87,5.850574712643678,9.618000000000002
qubit-unsharp__mixed__multi-gru__seed1,qubit-unsharp,mixed,multi-gru,1,evaluation,4,wX0_wZ0,100,0.62,6.5,6.8260000000000005
qubit-unsharp__mixed__multi-gru__seed1,qubit-unsharp,mixed,multi-gru,1,evaluation,5,wZ0_wX0_wY0,100,0.75,7.053333333333334,9.2048
qubit-unsharp__mixed__multi-gru__seed1,qubit-unsharp,mixed,multi-gru,1,evaluation,-1,OVERALL,600,0.87,4.365900383141763,9.231966666666667
qubit-pauli-sic__mixed__tabular__seed0,qubit-pauli-sic,mixed,tabular,0,training,0,Z0,47,0.851063829787234,3.275,8.468936170212766
qubit-pauli-sic__mixed__tabular__seed0,qubit-pauli-sic,mixed,tabular,0,training,1,X0,43,0.8372093023255814,4.944444444444445,8.314651162790698
qubit-pauli-sic__mixed__tabular__seed0,qubit-pauli-sic,mixed,tabular,0,training,2,Y0,52,0.8076923076923077,4.357142857142857,8.020961538461538
qubit-pauli-sic__mixed__tabular__seed0,qubit-pauli-sic,mixed,tabular,0,training,3,SIC0,41,0.8048780487804879,7.2727272727272725,7.969024390243903
qubit-pauli-sic__mixed__tabular__seed0,qubit-pauli-sic,mixed,tabular,0,training,4,SIC1,42,0.7619047619047619,5.875,7.5461904761904774
qubit-pauli-sic__mixed__tabular__seed0,qubit-pauli-sic,mixed,tabular,0,training,5,SIC2,51,0.7058823529411765,5.638888888888889,6.981960784313726
qubit-pauli-sic__mixed__tabular__seed0,qubit-pauli-sic,mixed,tabular,0,training,6,SIC3,51,0.5490196078431373,5.892857142857143,5.3956862745098055
qubit-pauli-sic__mixed__tabular__seed0,qubit-pauli-sic,mixed,tabular,0,training,7,Z0_SIC0,37,0.4864864864864865,9.0,5.567837837837837
qubit-pauli-sic__mixed__tabular__seed0,qubit-pauli-sic,mixed,tabular,0,training,8,SIC0_X0,36,0.4722222222222222,7.588235294117647,5.3133333333333335
qubit-pauli-sic__mixed__tabular__seed0,qubit-pauli-sic,mixed,tabular,0,training,-1,OVERALL,400,0.705,5.599290780141844,7.1122000000000005
qubit-pauli-sic__mixed__tabular__seed0,qubit-pauli-sic,mixed,tabular,0,evaluation,0,Z0,100,0.94,3.723404255319149,9.365400000000001
qubit-pauli-sic__mixed__tabular__seed0,qubit-pauli-sic,mixed,tabular,0,evaluation,1,X0,100,0.92,4.434782608695652,9.1564
qubit-pauli-sic__mixed__tabular__seed0,qubit-pauli-sic,mixed,tabular,0,evaluation,2,Y0,100,0.89,2.932584269662921,8.8663
qubit-pauli-sic__mixed__tabular__seed0,qubit-pauli-sic,mixed,tabular,0,evaluation,3,SIC0,100,0.65,4.569230769230769,6.424300000000001
qubit-pauli-sic__mixed__tabular__seed0,qubit-pauli-sic,mixed,tabular,0,evaluation,4,SIC1,100,0.59,4.220338983050848,5.819500000000001
qubit-pauli-sic__mixed__tabular__seed0,qubit-pauli-sic,mixed,tabular,0,evaluation,5,SIC2,100,0.67,4.253731343283582,6.6287
qubit-pauli-sic__mixed__tabular__seed0,qubit-pauli-sic,mixed,tabular,0,evaluation,6,SIC3,100,0.76,4.9868421052631575,7.533700000000001
qubit-pauli-sic__mixed__tabular__seed0,qubit-pauli-sic,mixed,tabular,0,evaluation,7,Z0_SIC0,100,0.57,5.56140350877193,6.4780999999999995
qubit-pauli-sic__mixed__tabular__seed0,qubit-pauli-sic,mixed,tabular,0,evaluation,8,SIC0_X0,100,0.47,7.170212765957447,5.247999999999999
qubit-pauli-sic__mixed__tabular__seed0,qubit-pauli-sic,mixed,tabular,0,evaluation,-1,OVERALL,900,0.7177777777777777,4.462848297213622,7.280044444444444
qubit-pauli-sic__mixed__tabular__seed1,qubit-pauli-sic,mixed,tabular,1,training,0,Z0,44,0.7954545454545454,4.742857142857143,7.8940909090909095
qubit-pauli-sic__mixed__tabular__seed1,qubit-pauli-sic,mixed,tabular,1,training,1,X0,41,0.926829268292683,3.1578947368421053,9.237317073170733
qubit-pauli-sic__mixed__tabular__seed1,qubit-pauli-sic,mixed,tabular,1,training,2,Y0,54,0.9074074074074074,4.448979591836735,9.028888888888892
qubit-pauli-sic__mixed__tabular__seed1,qubit-pauli-sic,mixed,tabular,1,training,3,SIC0,45,0.6666666666666666,4.933333333333334,6.590444444444445
qubit-pauli-sic__mixed__tabular__seed1,qubit-pauli-sic,mixed,tabular,1,training,4,SIC1,38,0.6842105263157895,7.1923076923076925,6.752368421052631
qubit-pauli-sic__mixed__tabular__seed1,qubit-pauli-sic,mixed,tabular,1,training,5,SIC2,58,0.6379310344827587,5.972972972972973,6.293275862068965
qubit-pauli-sic__mixed__tabular__seed1,qubit-pauli-sic,mixed,tabular,1,training,6,SIC3,42,0.5476190476190477,6.6521739130434785,5.377380952380953
qubit-pauli-sic__mixed__tabular__seed1,qubit-pauli-sic,mixed,tabular,1,training,7,Z0_SIC0,42,0.5952380952380952,6.96,6.745952380952382
qubit-pauli-sic__mixed__tabular__seed1,qubit-pauli-sic,mixed,tabular,1,training,8,SIC0_X0,36,0.5833333333333334,6.380952380952381,6.525
qubit-pauli-sic__mixed__tabular__seed1,qubit-pauli-sic,mixed,tabular,1,training,-1,OVERALL,400,0.71,5.355633802816901,7.1897
qubit-pauli-sic__mixed__tabular__seed1,qubit-pauli-sic,mixed,tabular,1,evaluation,0,Z0,100,0.92,3.7065217391304346,9.1631
qubit-pauli-sic__mixed__tabular__seed1,qubit-pauli-sic,mixed,tabular,1,evaluation,1,X0,100,0.93,3.913978494623656,9.2624
qubit-pauli-sic__mixed__tabular__seed1,qubit-pauli-sic,mixed,tabular,1,evaluation,2,Y0,100,0.89,4.48314606741573,8.8525
qubit-pauli-sic__mixed__tabular__seed1,qubit-pauli-sic,mixed,tabular,1,evaluation,3,SIC0,100,0.69,5.072463768115942,6.825400000000002
qubit-pauli-sic__mixed__tabular__seed1,qubit-pauli-sic,mixed,tabular,1,evaluation,4,SIC1,100,0.61,6.131147540983607,6.010200000000001
qubit-pauli-sic__mixed__tabular__seed1,qubit-pauli-sic,mixed,tabular,1,evaluation,5,SIC2,100,0.78,5.141025641025641,7.7347
qubit-pauli-sic__mixed__tabular__seed1,qubit-pauli-sic,mixed,tabular,1,evaluation,6,SIC3,100,0.66,6.424242424242424,6.5132
qubit-pauli-sic__mixed__tabular__seed1,qubit-pauli-sic,mixed,tabular,1,evaluation,7,Z0_SIC0,100,0.46,7.760869565217392,5.3767000000000005
qubit-pauli-sic__mixed__tabular__seed1,qubit-pauli-sic,mixed,tabular,1,evaluation,8,SIC0_X0,100,0.44,5.863636363636363,4.9814
qubit-pauli-sic__mixed__tabular__seed1,qubit-pauli-sic,mixed,tabular,1,evaluation,-1,OVERALL,900,0.7088888888888889,5.122257053291536,7.191066666666667
qubit-pauli-sic__mixed__gru__seed0,qubit-pauli-sic,mixed,gru,0,training,0,Z0,47,0.574468085106383,2.5925925925925926,5.671702127659575
qubit-pauli-sic__mixed__gru__seed0,qubit-pauli-sic,mixed,gru,0,training,1,X0,43,0.7674418604651163,3.272727272727273,7.622093023255814
qubit-pauli-sic__mixed__gru__seed0,qubit-pauli-sic,mixed,gru,0,training,2,Y0,52,0.25,8.076923076923077,2.3698076923076923
qubit-pauli-sic__mixed__gru__seed0,qubit-pauli-sic,mixed,gru,0,training,3,SIC0,41,0.9024390243902439,5.162162162162162,8.972195121951222
qubit-pauli-sic__mixed__gru__seed0,qubit-pauli-sic,mixed,gru,0,training,4,SIC1,42,0.9285714285714286,4.82051282051282,9.23952380952381
qubit-pauli-sic__mixed__gru__seed0,qubit-pauli-sic,mixed,gru,0,training,5,SIC2,51,0.8431372549019608,6.813953488372093,8.358823529411765
qubit-pauli-sic__mixed__gru__seed0,qubit-pauli-sic,mixed,gru,0,training,6,SIC3,51,0.8627450980392157,5.431818181818182,8.568627450980394
qubit-pauli-sic__mixed__gru__seed0,qubit-pauli-sic,mixed,gru,0,training,7,Z0_SIC0,37,0.5405405405405406,6.4,6.044324324324324
qubit-pauli-sic__mixed__gru__seed0,qubit-pauli-sic,mixed,gru,0,training,8,SIC0_X0,36,0.6388888888888888,8.826086956521738,7.2105555555555565
qubit-pauli-sic__mixed__gru__seed0,qubit-pauli-sic,mixed,gru,0,training,-1,OVERALL,400,0.6975,5.465949820788531,7.049975
qubit-pauli-sic__mixed__gru__seed0,qubit-pauli-sic,mixed,gru,0,evaluation,0,Z0,100,0.5,1.0,4.925000000000001
qubit-pauli-sic__mixed__gru__seed0,qubit-pauli-sic,mixed,gru,0,evaluation,1,X0,100,0.98,3.2346938775510203,9.775099999999998
qubit-pauli-sic__mixed__gru__seed0,qubit-pauli-sic,mixed,gru,0,evaluation,2,Y0,100,0.0,nan,-0.15
qubit-pauli-sic__mixed__gru__seed0,qubit-pauli-sic,mixed,gru,0,evaluation,3,SIC0,100,0.92,4.445652173913044,9.1563
qubit-pauli-sic__mixed__gru__seed0,qubit-pauli-sic,mixed,gru,0,evaluation,4,SIC1,100,0.95,4.6421052631578945,9.4579
qubit-pauli-sic__mixed__gru__seed0,qubit-pauli-sic,mixed,gru,0,evaluation,5,SIC2,100,0.86,5.906976744186046,8.536800000000001
qubit-pauli-sic__mixed__gru__seed0,qubit-pauli-sic,mixed,gru,0,evaluation,6,SIC3,100,0.94,5.638297872340425,9.3474
qubit-pauli-sic__mixed__gru__seed0,qubit-pauli-sic,mixed,gru,0,evaluation,7,Z0_SIC0,100,0.0,nan,-0.15
qubit-pauli-sic__mixed__gru__seed0,qubit-pauli-sic,mixed,gru,0,evaluation,8,SIC0_X0,100,0.87,6.459770114942529,9.5824
qubit-pauli-sic__mixed__gru__seed0,qubit-pauli-sic,mixed,gru,0,evaluation,-1,OVERALL,900,0.6688888888888889,4.679401993355482,6.7200999999999995
qubit-pauli-sic__mixed__gru__seed1,qubit-pauli-sic,mixed,gru,1,training,0,Z0,44,0.5227272727272727,3.652173913043478,5.141818181818182
qubit-pauli-sic__mixed__gru__seed1,qubit-pauli-sic,mixed,gru,1,training,1,X0,41,0.9024390243902439,3.0,8.99170731707317
qubit-pauli-sic__mixed__gru__seed1,qubit-pauli-sic,mixed,gru,1,training,2,Y0,54,0.6666666666666666,3.638888888888889,6.599074074074075
qubit-pauli-sic__mixed__gru__seed1,qubit-pauli-sic,mixed,gru,1,training,3,SIC0,45,0.8888888888888888,5.25,8.834444444444445
qubit-pauli-sic__mixed__gru__seed1,qubit-pauli-sic,mixed,gru,1,training,4,SIC1,38,0.9473684210526315,3.8333333333333335,9.438947368421053
qubit-pauli-sic__mixed__gru__seed1,qubit-pauli-sic,mixed,gru,1,training,5,SIC2,58,0.9137931034482759,4.7924528301886795,9.090344827586208
qubit-pauli-sic__mixed__gru__seed1,qubit-pauli-sic,mixed,gru,1,training,6,SIC3,42,0.8571428571428571,4.861111111111111,8.516904761904764
qubit-pauli-sic__mixed__gru__seed1,qubit-pauli-sic,mixed,gru,1,training,7,Z0_SIC0,42,0.14285714285714285,10.333333333333334,1.5752380952380949
qubit-pauli-sic__mixed__gru__seed1,qubit-pauli-sic,mixed,gru,1,training,8,SIC0_X0,36,0.3611111111111111,9.923076923076923,3.9038888888888885
qubit-pauli-sic__mixed__gru__seed1,qubit-pauli-sic,mixed,gru,1,training,-1,OVERALL,400,0.7,4.621428571428571,6.997825000000001
qubit-pauli-sic__mixed__gru__seed1,qubit-pauli-sic,mixed,gru,1,evaluation,0,Z0,100,0.95,4.91578947368421,9.4553
qubit-pauli-sic__mixed__gru__seed1,qubit-pauli-sic,mixed,gru,1,evaluation,1,X0,100,0.47,1.0,4.620500000000001
qubit-pauli-sic__mixed__gru__seed1,qubit-pauli-sic,mixed,gru,1,evaluation,2,Y0,100,0.49,1.0,4.8235
qubit-pauli-sic__mixed__gru__seed1,qubit-pauli-sic,mixed,gru,1,evaluation,3,SIC0,100,0.9,4.333333333333333,8.955
qubit-pauli-sic__mixed__gru__seed1,qubit-pauli-sic,mixed,gru,1,evaluation,4,SIC1,100,0.96,4.46875,9.5607
qubit-pauli-sic__mixed__gru__seed1,qubit-pauli-sic,mixed,gru,1,evaluation,5,SIC2,100,0.96,4.666666666666667,9.558800000000002
qubit-pauli-sic__mixed__gru__seed1,qubit-pauli-sic,mixed,gru,1,evaluation,6,SIC3,100,0.94,3.882978723404255,9.363900000000001
qubit-pauli-sic__mixed__gru__seed1,qubit-pauli-sic,mixed,gru,1,evaluation,7,Z0_SIC0,100,0.0,nan,-0.15
qubit-pauli-sic__mixed__gru__seed1,qubit-pauli-sic,mixed,gru,1,evaluation,8,SIC0_X0,100,0.0,nan,-0.15
qubit-pauli-sic__mixed__gru__seed1,qubit-pauli-sic,mixed,gru,1,evaluation,-1,OVERALL,900,0.63,3.871252204585538,6.226411111111112
qubit-pauli-sic__mixed__multi-gru__seed0,qubit-pauli-sic,mixed,multi-gru,0,training,0,Z0,47,0.7021276595744681,5.121212121212121,6.947659574468085
qubit-pauli-sic__mixed__multi-gru__seed0,qubit-pauli-sic,mixed,multi-gru,0,training,1,X0,43,0.8604651162790697,5.0,8.549302325581396
qubit-pauli-sic__mixed__multi-gru__seed0,qubit-pauli-sic,mixed,multi-gru,0,training,2,Y0,52,0.2692307692307692,8.214285714285714,2.5632692307692313
qubit-pauli-sic__mixed__multi-gru__seed0,qubit-pauli-sic,mixed,multi-gru,0,training,3,SIC0,41,0.8780487804878049,4.75,8.729268292682928
qubit-pauli-sic__mixed__multi-gru__seed0,qubit-pauli-sic,mixed,multi-gru,0,training,4,SIC1,42,0.9285714285714286,4.666666666666667,9.240952380952383
qubit-pauli-sic__mixed__multi-gru__seed0,qubit-pauli-sic,mixed,multi-gru,0,training,5,SIC2,51,0.8235294117647058,5.285714285714286,8.173529411764708
qubit-pauli-sic__mixed__multi-gru__seed0,qubit-pauli-sic,mixed,multi-gru,0,training,6,SIC3,51,0.9019607843137255,4.891304347826087,8.969803921568628
qubit-pauli-sic__mixed__multi-gru__seed0,qubit-pauli-sic,mixed,multi-gru,0,training,7,Z0_SIC0,37,0.5135135135135135,6.157894736842105,5.772702702702702
qubit-pauli-sic__mixed__multi-gru__seed0,qubit-pauli-sic,mixed,multi-gru,0,training,8,SIC0_X0,36,0.6944444444444444,7.84,7.748888888888889
qubit-pauli-sic__mixed__multi-gru__seed0,qubit-pauli-sic,mixed,multi-gru,0,training,-1,OVERALL,400,0.7275,5.436426116838488,7.3508249999999995
qubit-pauli-sic__mixed__multi-gru__seed0,qubit-pauli-sic,mixed,multi-gru,0,evaluation,0,Z0,100,0.97,3.288659793814433,9.673300000000001
qubit-pauli-sic__mixed__multi-gru__seed0,qubit-pauli-sic,mixed,multi-gru,0,evaluation,1,X0,100,0.99,3.505050505050505,9.873700000000001
qubit-pauli-sic__mixed__multi-gru__seed0,qubit-pauli-sic,mixed,multi-gru,0,evaluation,2,Y0,100,0.0,nan,-0.15
qubit-pauli-sic__mixed__multi-gru__seed0,qubit-pauli-sic,mixed,multi-gru,0,evaluation,3,SIC0,100,0.93,4.838709677419355,9.253800000000002
qubit-pauli-sic__mixed__multi-gru__seed0,qubit-pauli-sic,mixed,multi-gru,0,evaluation,4,SIC1,100,0.91,4.813186813186813,9.0518
qubit-pauli-sic__mixed__multi-gru__seed0,qubit-pauli-sic,mixed,multi-gru,0,evaluation,5,SIC2,100,0.86,5.941860465116279,8.5365
qubit-pauli-sic__mixed__multi-gru__seed0,qubit-pauli-sic,mixed,multi-gru,0,evaluation,6,SIC3,100,0.99,4.686868686868687,9.862
qubit-pauli-sic__mixed__multi-gru__seed0,qubit-pauli-sic,mixed,multi-gru,0,evaluation,7,Z0_SIC0,100,0.87,6.64367816091954,9.6212
qubit-pauli-sic__mixed__multi-gru__seed0,qubit-pauli-sic,mixed,multi-gru,0,evaluation,8,SIC0_X0,100,0.85,5.976470588235294,9.334100000000001
qubit-pauli-sic__mixed__multi-gru__seed0,qubit-pauli-sic,mixed,multi-gru,0,evaluation,-1,OVERALL,900,0.8188888888888889,4.905020352781547,8.339599999999999
qubit-pauli-sic__mixed__multi-gru__seed1,qubit-pauli-sic,mixed,multi-gru,1,training,0,Z0,44,0.7727272727272727,4.529411764705882,7.665909090909093
qubit-pauli-sic__mixed__multi-gru__seed1,qubit-pauli-sic,mixed,multi-gru,1,training,1,X0,41,0.8292682926829268,4.205882352941177,8.240487804878049
qubit-pauli-sic__mixed__multi-gru__seed1,qubit-pauli-sic,mixed,multi-gru,1,training,2,Y0,54,0.8148148148148148,3.022727272727273,8.103888888888891
qubit-pauli-sic__mixed__multi-gru__seed1,qubit-pauli-sic,mixed,multi-gru,1,training,3,SIC0,45,0.8444444444444444,5.7105263157894735,8.381333333333334
qubit-pauli-sic__mixed__multi-gru__seed1,qubit-pauli-sic,mixed,multi-gru,1,training,4,SIC1,38,0.9210526315789473,4.8,9.163684210526316
qubit-pauli-sic__mixed__multi-gru__seed1,qubit-pauli-sic,mixed,multi-gru,1,training,5,SIC2,58,0.8793103448275862,5.2745098039215685,8.737413793103448
qubit-pauli-sic__mixed__multi-gru__seed1,qubit-pauli-sic,mixed,multi-gru,1,training,6,SIC3,42,0.9523809523809523,4.8,9.48047619047619
qubit-pauli-sic__mixed__multi-gru__seed1,qubit-pauli-sic,mixed,multi-gru,1,training,7,Z0_SIC0,42,0.23809523809523808,9.3,2.607619047619048
qubit-pauli-sic__mixed__multi-gru__seed1,qubit-pauli-sic,mixed,multi-gru,1,training,8,SIC0_X0,36,0.2777777777777778,9.6,3.010277777777777
qubit-pauli-sic__mixed__multi-gru__seed1,qubit-pauli-sic,mixed,multi-gru,1,training,-1,OVERALL,400,0.74,4.949324324324325,7.402474999999999
qubit-pauli-sic__mixed__multi-gru__seed1,qubit-pauli-sic,mixed,multi-gru,1,evaluation,0,Z0,100,0.43,1.0,4.214500000000001
qubit-pauli-sic__mixed__multi-gru__seed1,qubit-pauli-sic,mixed,multi-gru,1,evaluation,1,X0,100,0.55,1.0,5.432500000000001
qubit-pauli-sic__mixed__multi-gru__seed1,qubit-pauli-sic,mixed,multi-gru,1,evaluation,2,Y0,100,0.47,1.0,4.620500000000001
qubit-pauli-sic__mixed__multi-gru__seed1,qubit-pauli-sic,mixed,multi-gru,1,evaluation,3,SIC0,100,0.91,4.868131868131868,9.0513
qubit-pauli-sic__mixed__multi-gru__seed1,qubit-pauli-sic,mixed,multi-gru,1,evaluation,4,SIC1,100,0.92,4.543478260869565,9.1554
qubit-pauli-sic__mixed__multi-gru__seed1,qubit-pauli-sic,mixed,multi-gru,1,evaluation,5,SIC2,100,0.95,4.536842105263158,9.458900000000002
qubit-pauli-sic__mixed__multi-gru__seed1,qubit-pauli-sic,mixed,multi-gru,1,evaluation,6,SIC3,100,0.95,4.389473684210526,9.4603
qubit-pauli-sic__mixed__multi-gru__seed1,qubit-pauli-sic,mixed,multi-gru,1,evaluation,7,Z0_SIC0,100,0.0,nan,-0.15
qubit-pauli-sic__mixed__multi-gru__seed1,qubit-pauli-sic,mixed,multi-gru,1,evaluation,8,SIC0_X0,100,0.0,nan,-0.15
qubit-pauli-sic__mixed__multi-gru__seed1,qubit-pauli-sic,mixed,multi-gru,1,evaluation,-1,OVERALL,900,0.5755555555555556,3.5791505791505793,5.677044444444444
qutrit-mub__two__tabular__seed0,qutrit-mub,two,tabular,0,training,0,Z0,54,0.7592592592592593,5.341463414634147,7.523518518518519
qutrit-mub__two__tabular__seed0,qutrit-mub,two,tabular,0,training,1,Z1,55,0.7636363636363637,7.0476190476190474,7.554727272727274
qutrit-mub__two__tabular__seed0,qutrit-mub,two,tabular,0,training,2,Z2,47,0.9361702127659575,1.4318181818181819,9.348085106382978
qutrit-mub__two__tabular__seed0,qutrit-mub,two,tabular,0,training,3,F0,46,0.7608695652173914,5.3428571428571425,7.5397826086956545
qutrit-mub__two__tabular__seed0,qutrit-mub,two,tabular,0,training,4,F1,58,0.7931034482758621,5.891304347826087,7.8612068965517246
qutrit-mub__two__tabular__seed0,qutrit-mub,two,tabular,0,training,5,Z0_F0,51,0.47058823529411764,9.666666666666666,5.417450980392157
qutrit-mub__two__tabular__seed0,qutrit-mub,two,tabular,0,training,6,F0_Z0,41,0.43902439024390244,9.11111111111111,5.034146341463414
qutrit-mub__two__tabular__seed0,qutrit-mub,two,tabular,0,training,7,Z0_F0_P0,48,0.08333333333333333,13.75,1.6110416666666663
qutrit-mub__two__tabular__seed0,qutrit-mub,two,tabular,0,training,-1,OVERALL,400,0.635,5.854330708661418,6.55985
qutrit-mub__two__tabular__seed0,qutrit-mub,two,tabular,0,evaluation,0,Z0,100,0.76,6.026315789473684,7.5258
qutrit-mub__two__tabular__seed0,qutrit-mub,two,tabular,0,evaluation,1,Z1,100,0.72,5.888888888888889,7.122800000000001
qutrit-mub__two__tabular__seed0,qutrit-mub,two,tabular,0,evaluation,2,Z2,100,1.0,1.0,10.0
qutrit-mub__two__tabular__seed0,qutrit-mub,two,tabular,0,evaluation,3,F0,100,0.81,3.7901234567901234,8.0489
qutrit-mub__two__tabular__seed0,qutrit-mub,two,tabular,0,evaluation,4,F1,100,0.84,3.392857142857143,8.3559
qutrit-mub__two__tabular__seed0,qutrit-mub,two,tabular,0,evaluation,5,Z0_F0,100,0.47,9.425531914893616,5.3586
qutrit-mub__two__tabular__seed0,qutrit-mub,two,tabular,0,evaluation,6,F0_Z0,100,0.52,6.519230769230769,5.947700000000001
qutrit-mub__two__tabular__seed0,qutrit-mub,two,tabular,0,evaluation,7,Z0_F0_P0,100,0.15,10.0,2.5306
qutrit-mub__two__tabular__seed0,qutrit-mub,two,tabular,0,evaluation,-1,OVERALL,800,0.65875,4.755218216318785,6.8612875
qutrit-mub__two__tabular__seed1,qutrit-mub,two,tabular,1,training,0,Z0,49,0.7142857142857143,5.3428571428571425,7.068979591836736
qutrit-mub__two__tabular__seed1,qutrit-mub,two,tabular,1,training,1,Z1,48,0.6875,7.909090909090909,6.780625000000001
qutrit-mub__two__tabular__seed1,qutrit-mub,two,tabular,1,training,2,Z2,56,0.9821428571428571,1.690909090909091,9.811964285714286
qutrit-mub__two__tabular__seed1,qutrit-mub,two,tabular,1,training,3,F0,52,0.7115384615384616,4.216216216216216,7.04923076923077
qutrit-mub__two__tabular__seed1,qutrit-mub,two,tabular,1,training,4,F1,55,0.7272727272727273,6.525,7.191636363636365
qutrit-mub__two__tabular__seed1,qutrit-mub,two,tabular,1,training,5,Z0_F0,51,0.3137254901960784,10.5625,3.697450980392158
qutrit-mub__two__tabular__seed1,qutrit-mub,two,tabular,1,training,6,F0_Z0,45,0.4888888888888889,8.590909090909092,5.560666666666667
qutrit-mub__two__tabular__seed1,qutrit-mub,two,tabular,1,training,7,Z0_F0_P0,44,0.18181818181818182,10.125,2.734772727272727
qutrit-mub__two__tabular__seed1,qutrit-mub,two,tabular,1,training,-1,OVERALL,400,0.615,5.678861788617886,6.356374999999999
qutrit-mub__two__tabular__seed1,qutrit-mub,two,tabular,1,evaluation,0,Z0,100,0.78,6.397435897435898,7.724899999999999
qutrit-mub__two__tabular__seed1,qutrit-mub,two,tabular,1,evaluation,1,Z1,100,0.71,5.436619718309859,7.025000000000001
qutrit-mub__two__tabular__seed1,qutrit-mub,two,tabular,1,evaluation,2,Z2,100,1.0,1.0,10.0
qutrit-mub__two__tabular__seed1,qutrit-mub,two,tabular,1,evaluation,3,F0,100,0.79,4.265822784810126,7.8427
qutrit-mub__two__tabular__seed1,qutrit-mub,two,tabular,1,evaluation,4,F1,100,0.72,4.305555555555555,7.1342
qutrit-mub__two__tabular__seed1,qutrit-mub,two,tabular,1,evaluation,5,Z0_F0,100,0.28,9.428571428571429,3.3148
qutrit-mub__two__tabular__seed1,qutrit-mub,two,tabular,1,evaluation,6,F0_Z0,100,0.45,9.022222222222222,5.1692
qutrit-mub__two__tabular__seed1,qutrit-mub,two,tabular,1,evaluation,7,Z0_F0_P0,100,0.15,11.466666666666667,2.4678000000000004
qutrit-mub__two__tabular__seed1,qutrit-mub,two,tabular,1,evaluation,-1,OVERALL,800,0.61,5.069672131147541,6.334825
qutrit-mub__two__gru__seed0,qutrit-mub,two,gru,0,training,0,Z0,54,0.8518518518518519,6.217391304347826,8.45185185185185
qutrit-mub__two__gru__seed0,qutrit-mub,two,gru,0,training,1,Z1,55,0.8545454545454545,6.702127659574468,8.474909090909092
qutrit-mub__two__gru__seed0,qutrit-mub,two,gru,0,training,2,Z2,47,0.9787234042553191,1.3043478260869565,9.781063829787234
qutrit-mub__two__gru__seed0,qutrit-mub,two,gru,0,training,3,F0,46,0.8260869565217391,5.368421052631579,8.198695652173916
qutrit-mub__two__gru__seed0,qutrit-mub,two,gru,0,training,4,F1,58,0.9137931034482759,3.7169811320754715,9.100172413793105
qutrit-mub__two__gru__seed0,qutrit-mub,two,gru,0,training,5,Z0_F0,51,0.5294117647058824,8.333333333333334,6.036274509803922
qutrit-mub__two__gru__seed0,qutrit-mub,two,gru,0,training,6,F0_Z0,41,0.5121951219512195,8.714285714285714,5.723658536585366
qutrit-mub__two__gru__seed0,qutrit-mub,two,gru,0,training,7,Z0_F0_P0,48,0.020833333333333332,12.0,1.5110416666666666
qutrit-mub__two__gru__seed0,qutrit-mub,two,gru,0,training,-1,OVERALL,400,0.6975,5.311827956989247,7.255575
qutrit-mub__two__gru__seed0,qutrit-mub,two,gru,0,evaluation,0,Z0,100,0.96,6.083333333333333,9.545200000000001
qutrit-mub__two__gru__seed0,qutrit-mub,two,gru,0,evaluation,1,Z1,100,0.95,5.4,9.450700000000001
qutrit-mub__two__gru__seed0,qutrit-mub,two,gru,0,evaluation,2,Z2,100,1.0,1.0,10.0
qutrit-mub__two__gru__seed0,qutrit-mub,two,gru,0,evaluation,3,F0,100,0.96,4.375,9.5616
qutrit-mub__two__gru__seed0,qutrit-mub,two,gru,0,evaluation,4,F1,100,0.92,3.1956521739130435,9.167800000000002
qutrit-mub__two__gru__seed0,qutrit-mub,two,gru,0,evaluation,5,Z0_F0,100,0.71,8.704225352112676,7.910800000000002
qutrit-mub__two__gru__seed0,qutrit-mub,two,gru,0,evaluation,6,F0_Z0,100,0.84,7.595238095238095,9.2902
qutrit-mub__two__gru__seed0,qutrit-mub,two,gru,0,evaluation,7,Z0_F0_P0,100,0.0,nan,1.5468000000000002
qutrit-mub__two__gru__seed0,qutrit-mub,two,gru,0,evaluation,-1,OVERALL,800,0.7925,4.995268138801261,8.3091375
qutrit-mub__two__gru__seed1,qutrit-mub,two,gru,1,training,0,Z0,49,0.7142857142857143,7.457142857142857,7.053877551020409
qutrit-mub__two__gru__seed1,qutrit-mub,two,gru,1,training,1,Z1,48,0.7291666666666666,7.3428571428571425,7.204791666666668
qutrit-mub__two__gru__seed1,qutrit-mub,two,gru,1,training,2,Z2,56,0.9821428571428571,2.0727272727272728,9.808214285714287
qutrit-mub__two__gru__seed1,qutrit-mub,two,gru,1,training,3,F0,52,0.8653846153846154,5.2444444444444445,8.596923076923078
qutrit-mub__two__gru__seed1,qutrit-mub,two,gru,1,training,4,F1,55,0.8,4.886363636363637,7.9389090909090925
qutrit-mub__two__gru__seed1,qutrit-mub,two,gru,1,training,5,Z0_F0,51,0.5098039215686274,8.115384615384615,5.820000000000001
qutrit-mub__two__gru__seed1,qutrit-mub,two,gru,1,training,6,F0_Z0,45,0.5777777777777777,9.423076923076923,6.563555555555556
qutrit-mub__two__gru__seed1,qutrit-mub,two,gru,1,training,7,Z0_F0_P0,44,0.06818181818181818,13.0,1.911136363636364
qutrit-mub__two__gru__seed1,qutrit-mub,two,gru,1,training,-1,OVERALL,400,0.6725,5.866171003717472,7.0017000000000005
qutrit-mub__two__gru__seed1,qutrit-mub,two,gru,1,evaluation,0,Z0,100,0.81,7.654320987654321,8.0176
qutrit-mub__two__gru__seed1,qutrit-mub,two,gru,1,evaluation,1,Z1,100,0.72,7.194444444444445,7.1134
qutrit-mub__two__gru__seed1,qutrit-mub,two,gru,1,evaluation,2,Z2,100,1.0,1.0,10.0
qutrit-mub__two__gru__seed1,qutrit-mub,two,gru,1,evaluation,3,F0,100,0.94,5.148936170212766,9.352
qutrit-mub__two__gru__seed1,qutrit-mub,two,gru,1,evaluation,4,F1,100,0.95,4.673684210526316,9.4576
qutrit-mub__two__gru__seed1,qutrit-mub,two,gru,1,evaluation,5,Z0_F0,100,0.77,8.441558441558442,8.5677
qutrit-mub__two__gru__seed1,qutrit-mub,two,gru,1,evaluation,6,F0_Z0,100,0.22,11.545454545454545,2.4941000000000004
qutrit-mub__two__gru__seed1,qutrit-mub,two,gru,1,evaluation,7,Z0_F0_P0,100,0.0,nan,1.4458000000000002
qutrit-mub__two__gru__seed1,qutrit-mub,two,gru,1,evaluation,-1,OVERALL,800,0.67625,5.67467652495379,7.056025
qutrit-mub__two__multi-gru__seed0,qutrit-mub,two,multi-gru,0,training,0,Z0,54,0.8333333333333334,6.2444444444444445,8.264629629629631
qutrit-mub__two__multi-gru__seed0,qutrit-mub,two,multi-gru,0,training,1,Z1,55,0.7636363636363637,6.595238095238095,7.558181818181821
qutrit-mub__two__multi-gru__seed0,qutrit-mub,two,multi-gru,0,training,2,Z2,47,0.9148936170212766,1.8837209302325582,9.128085106382978
qutrit-mub__two__multi-gru__seed0,qutrit-mub,two,multi-gru,0,training,3,F0,46,0.8043478260869565,4.243243243243243,7.988043478260869
qutrit-mub__two__multi-gru__seed0,qutrit-mub,two,multi-gru,0,training,4,F1,58,0.8793103448275862,5.078431372549019,8.739137931034483
qutrit-mub__two__multi-gru__seed0,qutrit-mub,two,multi-gru,0,training,5,Z0_F0,51,0.6666666666666666,8.588235294117647,7.457254901960783
qutrit-mub__two__multi-gru__seed0,qutrit-mub,two,multi-gru,0,training,6,F0_Z0,41,0.12195121951219512,9.6,1.397560975609756
qutrit-mub__two__multi-gru__seed0,qutrit-mub,two,multi-gru,0,training,7,Z0_F0_P0,48,0.041666666666666664,13.0,1.5935416666666666
qutrit-mub__two__multi-gru__seed0,qutrit-mub,two,multi-gru,0,training,-1,OVERALL,400,0.6475,5.486486486486487,6.698600000000002
qutrit-mub__two__multi-gru__seed0,qutrit-mub,two,multi-gru,0,evaluation,0,Z0,100,0.96,6.083333333333333,9.545200000000001
qutrit-mub__two__multi-gru__seed0,qutrit-mub,two,multi-gru,0,evaluation,1,Z1,100,0.95,5.4,9.450700000000001
qutrit-mub__two__multi-gru__seed0,qutrit-mub,two,multi-gru,0,evaluation,2,Z2,100,1.0,1.0,10.0
qutrit-mub__two__multi-gru__seed0,qutrit-mub,two,multi-gru,0,evaluation,3,F0,100,0.96,4.375,9.5616
qutrit-mub__two__multi-gru__seed0,qutrit-mub,two,multi-gru,0,evaluation,4,F1,100,0.95,3.4210526315789473,9.469500000000002
qutrit-mub__two__multi-gru__seed0,qutrit-mub,two,multi-gru,0,evaluation,5,Z0_F0,100,0.72,8.5,8.013
qutrit-mub__two__multi-gru__seed0,qutrit-mub,two,multi-gru,0,evaluation,6,F0_Z0,100,0.0,nan,-0.15
qutrit-mub__two__multi-gru__seed0,qutrit-mub,two,multi-gru,0,evaluation,7,Z0_F0_P0,100,0.0,nan,1.5872
qutrit-mub__two__multi-gru__seed0,qutrit-mub,two,multi-gru,0,evaluation,-1,OVERALL,800,0.6925,4.610108303249097,7.18465
qutrit-mub__two__multi-gru__seed1,qutrit-mub,two,multi-gru,1,training,0,Z0,49,0.8367346938775511,7.195121951219512,8.291020408163266
qutrit-mub__two__multi-gru__seed1,qutrit-mub,two,multi-gru,1,training,1,Z1,48,0.75,6.777777777777778,7.4191666666666665
qutrit-mub__two__multi-gru__seed1,qutrit-mub,two,multi-gru,1,training,2,Z2,56,0.9821428571428571,1.509090909090909,9.813749999999999
qutrit-mub__two__multi-gru__seed1,qutrit-mub,two,multi-gru,1,training,3,F0,52,0.9038461538461539,5.085106382978723,8.987115384615386
qutrit-mub__two__multi-gru__seed1,qutrit-mub,two,multi-gru,1,training,4,F1,55,0.9454545454545454,5.25,9.40618181818182
qutrit-mub__two__multi-gru__seed1,qutrit-mub,two,multi-gru,1,training,5,Z0_F0,51,0.5490196078431373,9.714285714285714,6.246078431372548
qutrit-mub__two__multi-gru__seed1,qutrit-mub,two,multi-gru,1,training,6,F0_Z0,45,0.6,6.888888888888889,6.78
qutrit-mub__two__multi-gru__seed1,qutrit-mub,two,multi-gru,1,training,7,Z0_F0_P0,44,0.06818181818181818,11.666666666666666,2.0956818181818186
qutrit-mub__two__multi-gru__seed1,qutrit-mub,two,multi-gru,1,training,-1,OVERALL,400,0.7225,5.629757785467128,7.531200000000001
qutrit-mub__two__multi-gru__seed1,qutrit-mub,two,multi-gru,1,evaluation,0,Z0,100,0.46,5.239130434782608,4.499500000000001
qutrit-mub__two__multi-gru__seed1,qutrit-mub,two,multi-gru,1,evaluation,1,Z1,100,0.89,7.123595505617978,8.829
qutrit-mub__two__multi-gru__seed1,qutrit-mub,two,multi-gru,1,evaluation,2,Z2,100,1.0,1.0,10.0
qutrit-mub__two__multi-gru__seed1,qutrit-mub,two,multi-gru,1,evaluation,3,F0,100,0.93,5.225806451612903,9.2502
qutrit-mub__two__multi-gru__seed1,qutrit-mub,two,multi-gru,1,evaluation,4,F1,100,0.95,4.757894736842105,9.4568
qutrit-mub__two__multi-gru__seed1,qutrit-mub,two,multi-gru,1,evaluation,5,Z0_F0,100,0.77,8.415584415584416,8.567900000000002
qutrit-mub__two__multi-gru__seed1,qutrit-mub,two,multi-gru,1,evaluation,6,F0_Z0,100,0.71,8.619718309859154,7.9315999999999995
qutrit-mub__two__multi-gru__seed1,qutrit-mub,two,multi-gru,1,evaluation,7,Z0_F0_P0,100,0.0,nan,1.5064
qutrit-mub__two__multi-gru__seed1,qutrit-mub,two,multi-gru,1,evaluation,-1,OVERALL,800,0.71375,5.5569176882662,7.5051749999999995
