diagonal_success,objective,stress_1d,stress_2d,stress_3d,positive_variance_2d,negative_spectrum_fraction,coordinate_procrustes_r2,euclidean_distance_correlation
0.55,0.1269962229563623,0.4499585646977041,0.10810108120757003,0.10806065404288696,0.881246570800211,0.18894389013625632,0.9999969890593335,0.967557998026252
0.555,0.12352254725874684,0.4490521336787886,0.10492961382108991,0.10490085403103028,0.8832029020754619,0.185924046148657,0.9999978847088351,0.9692716367996872
0.56,0.12007966278963807,0.4481681613576547,0.10179222248698946,0.10177338823415874,0.8851628834077582,0.18287095473836795,0.9999986206847528,0.9709335753934065
0.5650000000000001,0.11666845093431995,0.4473064007182178,0.09868977356259175,0.09867907857659332,0.8871257138274615,0.17978476973893176,0.9999991984086599,0.972543273660915
0.5700000000000001,0.11328990005715267,0.4464666033028782,0.09562323721786818,0.09561890611257595,0.8890905676946207,0.17666567660786767,0.9999996192860091,0.9741002154997307
0.5750000000000001,0.10994511933697246,0.44564851936503425,0.09259370123714057,0.09259370123714054,0.891056596686679,0.17351389276437496,0.9999998847064224,0.9756039094800362
0.5800000000000001,0.10663535456758236,0.40135908046717733,0.08960238681699996,0.08960238681699997,0.8930229322457847,0.17032966761552285,0.9999999960438796,0.9770538894429114
0.5850000000000001,0.10336200621904477,0.4012184916687472,0.08665066666045505,0.08665066666045507,0.8949886885121512,0.1671132822283489,0.9999999546569807,0.9784497150666405
0.5900000000000001,0.100126650093775,0.4433220347304794,0.08374008570533369,0.08374008570533367,0.896952965762188,0.16386504860719778,0.9999997618891139,0.9797909723996522
0.5950000000000001,0.09693106094959701,0.44258828661855754,0.08087238486284298,0.08087238486284302,0.8989148543601029,0.160585308539322,0.9999994190687127,0.98107727435876
0.6000000000000001,0.09377723949702373,0.4418749890332305,0.07804952817662794,0.07804952817662801,0.9008734392193538,0.1572744319775383,0.9999989275094322,0.9823082611914186
0.605,0.09066744320430728,0.4411818875190082,0.0752737338382293,0.07527373383822933,0.9028278047558285,0.15393281493670716,0.999998288510371,0.983483600900835
0.61,0.08760422135305916,0.44050872730939256,0.07254750950302655,0.07254750950302652,0.9047770402981309,0.1505608768910561,0.999997503356292,0.9846029896328575
0.615,0.08459045476632476,0.4398552534533974,0.06987369232857268,0.0698736923285727,0.906720245902421,0.1471590576717971,0.9999965733177105,0.9856661520236624
0.62,0.08162940056044096,0.43922121093870575,0.06725549408537979,0.06725549408537981,0.9086565385004198,0.14372781387889527,0.9999954996513134,0.9866728415073859
0.625,0.07872474212438035,0.4386063448114482,0.06469655154068474,0.06469655154068474,0.9105850582903938,0.14026761483677505,0.9999942835999276,0.9876228405829236
0.63,0.07588064426479467,0.43801040029259464,0.0622009820489385,0.062200982048938494,0.9125049752631321,0.13677893814061529,0.9999929263928214,0.9885159610392682
0.635,0.07310181301874889,0.4374331228909569,0.05977344384452677,0.05977344384452676,0.9144154957392667,0.1332622648568921,0.9999914292458684,0.9893520441388483
0.64,0.07039355895668928,0.43687425851280015,0.05741919985133292,0.05741919985133286,0.9163158687819607,0.12971807445809203,0.9999897933618114,0.9901309607584668
0.645,0.0677618617878591,0.4363335535680663,0.05514418281176715,0.05514418281176715,0.9182053923410634,0.1261468395860105,0.9999880199300364,0.9908526114875291
0.65,0.06521343263756375,0.43581075507321654,0.052955058094477175,0.05295505809447717,0.9200834189823333,0.12254902074977105,0.9999861101275621,0.9915169266834117
0.655,0.0627557683965005,0.43530561075070373,0.050859278568847276,0.05085927856884727,0.9219493610588875,0.11892506107274897,0.9999840651184867,0.9921238664839012
0.66,0.06039718998496888,0.4348178691250876,0.04886512337791046,0.048865123377910484,0.9238026951920221,0.11527538120615832,0.9999818860542297,0.9926734207767949
0.665,0.0581468532773521,0.43434727961581027,0.04698170934328546,0.04698170934328546,0.9256429659448169,0.11160037452572485,0.9999795740740234,0.9931656091268376
0.67,0.05601471803689973,0.4338935926266542,0.04521896034101601,0.04521896034101602,0.9274697885939641,0.10790040272139029,0.9999771303050212,0.9936004806603097
0.675,0.05401145709735859,0.43345655963190316,0.04358751687511912,0.0435858071598527,0.9292828509319835,0.10417579187860933,0.9999745558624858,0.993978113907707
0.68,0.0521482862488996,0.4330359332592354,0.042098566297806096,0.0420885346138602,0.931081914062051,0.10042682913401221,0.9999718518492309,0.9942986166050393
0.685,0.05043669642392319,0.43263146736937774,0.04076357526628549,0.04073258996357534,0.9328668121794175,0.09665375996893671,0.9999690193570239,0.9945621254544187
0.6900000000000001,0.048888075792571394,0.4322429171325529,0.03959391204079812,0.03952860043953739,0.9346374513650078,0.09285678618264599,0.9999660594659653,0.994768805844682
0.6950000000000001,0.047513222019039986,0.4318700391017548,0.03860035887369479,0.03848364858436648,0.9363938074465858,0.08903606456425481,0.9999629732443212,0.9949188515329592
0.7,0.04632176468963666,0.4315125912828901,0.03779253450102611,0.037604195104655666,0.9381359230092011,0.08519170625975213,0.9999597617494587,0.9950124842881083
0.7050000000000001,0.045321542657163635,0.43117033320182535,0.03717827148324117,0.03689577042376926,0.9398639036583053,0.08132377680930838,0.9999564260280335,0.9950499534971323
0.71,0.04479105492997209,0.43084302596838225,0.03676301717031155,0.03636216518110335,0.9382707099284402,0.08016279538407048,0.999952967114986,0.995031535735713
0.7150000000000001,0.044661591215568335,0.430530432337324,0.0365493418390876,0.036005254107316344,0.934278680724477,0.08099595885224589,0.9999493860349754,0.9949575343041132
0.72,0.04473442534879426,0.43023231676638257,0.03653663463220468,0.03582473385243961,0.930303010559811,0.08184211667058351,0.9999456838018751,0.9948282787297856
0.725,0.04500562184675069,0.42994844547136973,0.036721043539358324,0.03581804229260736,0.9263445664148261,0.0827004366211494,0.9999418614188903,0.9946441242380877
0.73,0.04546820239474722,0.4296785864784267,0.037095674163397124,0.03598040947014122,0.9224042094118108,0.08357008201212292,0.9999379198794488,0.9944054511925629
0.735,0.04611257207229772,0.4294225096734608,0.03765101539274416,0.03630505453480702,0.9184827887535209,0.08445021720955846,0.9999338601656091,0.994112664506338
0.74,0.04692710333619427,0.42917998684882314,0.038375522875435664,0.03678350322772092,0.9145811362116997,0.08534001273456417,0.9999296832507912,0.9937661930262257
0.745,0.047898791099524815,0.4289507917472811,0.03925627363598681,0.03740598528737856,0.9107000612133673,0.08623864987781284,0.9999253900969731,0.9933664888911463
0.75,0.04901389627250241,0.4287347001033417,0.040279609206658816,0.038161864469032074,0.9068403465517834,0.0871453248013105,0.9999209816571498,0.9929140268665921
0.755,0.05025851500550895,0.4285314896819808,0.04143170451267848,0.039040056784117046,0.9030027447301363,0.08805925211379387,0.9999164588741957,0.9924093036568065
0.76,0.05161903734283268,0.42834094031483805,0.04269902622128999,0.040029402744290586,0.8991879749296506,0.08897966792062109,0.9999118226820777,0.9918528371964518
0.765,0.05308248381619963,0.4067932162463931,0.044068669081137185,0.041118972858413275,0.8953967205802378,0.08990583236121544,0.9999070740042364,0.9912451659235205
0.77,0.05463672685415759,0.42799695460296194,0.045528577127323194,0.04207460675447741,0.8916296275010738,0.09083703165696383,0.999902213755448,0.9905868480352679
0.775,0.056270614530816,0.42784308854623904,0.04706766727108525,0.042896396272300415,0.8878873025705466,0.09177257969998873,0.9998972428410725,0.989878460728969
0.78,0.05797401824619752,0.4277010241753329,0.048675876863587736,0.0437514132049273,0.8841703128795626,0.09271181921853637,0.9998921621569754,0.989120599429276
0.785,0.0597378255130667,0.42757055211346834,0.05034415640502349,0.04463677057002104,0.8804791853190771,0.09365412255809562,0.9998869725910654,0.9883138770039637
0.79,0.061553896158623014,0.42745146521774774,0.052064425702178584,0.045549789098229425,0.8768144065514654,0.09459889211904265,0.9998816750218393,0.9874589229698575
0.795,0.06341499646218843,0.42734355859925527,0.05382950799248645,0.04648797405734634,0.8731764233157371,0.0955455604918543,0.9998762703179338,0.9865563826906821
0.8,0.06531472199710978,0.40958681304032457,0.05563305279926339,0.047448997682205805,0.8695656430181894,0.09649359033007522,0.9998707593406445,0.985606916568579
0.8049999999999999,0.06724741670133347,0.42716047801448553,0.05746945503687621,0.04843069778286112,0.8659824345626628,0.09744247399948985,0.9998651429419669,0.9846111992310017
0.81,0.06920809311967493,0.4270849056927865,0.05933377530729692,0.04943106843574081,0.8624271293777499,0.09839173303957496,0.9998594219663179,0.9835699187146604
0.815,0.07119235684035409,0.4270197169638267,0.0612216644056286,0.0504482524673361,0.8589000226019452,0.09934091747054648,0.9998535972493167,0.9824837756481801
0.8200000000000001,0.07319633677957657,0.41134233803755355,0.06312929368619892,0.05148053326879626,0.8554013743915366,0.10028960497628699,0.9998476696170042,0.9813534824350274
0.825,0.07521662204078461,0.41179719088188144,0.0650532920141691,0.052526326267934347,0.8519314113199477,0.10123739999032574,0.9998416398896682,0.9801797624383043
0.8300000000000001,0.077250205479552,0.42688453013475447,0.06699068942814665,0.053584170310711686,0.8484903278410393,0.10218393270893208,0.9998355088779515,0.9789633491688833
0.835,0.07929443373209569,0.4268589652720008,0.06893886727318761,0.05465271914162252,0.8450782877925529,0.10312885805238187,0.9998292773853205,0.9777049854783445
0.8400000000000001,0.08134696326560567,0.4268428404622147,0.07089551435792421,0.055730733120862345,0.8416954259192823,0.10407185459260422,0.9998229462063158,0.9764054227581082
0.845,0.08340572190437578,0.42683597403933005,0.0728585885903782,0.05681707127458733,0.8383418493987704,0.1050126234627623,0.9998165161291146,0.975065420146096
0.85,0.08546887525898,0.4268381866898644,0.07482628351590728,0.057910683741669515,0.8350176393551484,0.10595088726189214,0.999809987932466,0.9736857437421953
0.855,0.08753479749019535,0.42684930145227534,0.07679699919106905,0.05901060465477708,0.8317228523493705,0.1068863889655253,0.9998033623897049,0.9722671658337437
0.86,0.0896020458799554,0.42686914371496426,0.0787693168611426,0.06011594547411511,0.8284575218363519,0.1078188908512668,0.9997966402652555,0.9708104641321608
0.865,0.09166933872043939,0.42689754121297796,0.08074197695491328,0.06122588877760913,0.8252216595815456,0.10874817344655167,0.9997898223165163,0.9693164210218409
0.87,0.09373553608758735,0.42693432402346637,0.08271385996071486,0.06233968250072228,0.822015257031227,0.10967403450429705,0.9997829092942289,0.967785822822274
0.875,0.09579962311419063,0.4269793245599442,0.08468396979812738,0.06345663461162855,0.8188382866322671,0.11059628801084734,0.9997759019400859,0.9662194590643893
0.88,0.09786069542299465,0.4270323775654123,0.08665141934756675,0.0645761082024317,0.8156907030984446,0.11151476322948656,0.999768800990083,0.9646181217819547
0.885,0.09991794642860288,0.4270933201043857,0.08861541784392353,0.0656975169739418,0.8125724446214235,0.1124293037818235,0.999761607174012,0.9629826048188628
0.89,0.10197065625368007,0.42716199155388224,0.09057525987986798,0.06682032108976248,0.8094834340254274,0.1133397667685532,0.9997543212121729,0.9613137031530467
0.895,0.10401818203709783,0.4272382335934144,0.09253031579934246,0.06794402337471922,0.8064235798653802,0.11424602193042514,0.9997469438211486,0.9596122122376783
0.8999999999999999,0.10605994945033174,0.4192384166449872,0.09448002329230418,0.06906816583269926,0.8033927774688804,0.11514795084968231,0.9997394757077627,0.9578789273602764
0.905,0.10809544525401694,0.42741280760650324,0.09642388002830772,0.07019232645955366,0.8003909099228742,0.11604544619179616,0.9997319175738816,0.9561146430202434
0.9099999999999999,0.11012421075969635,0.4275108343485438,0.0983614371894123,0.07131611632765288,0.7974178490062589,0.11693841098693843,0.9997242701136392,0.9543201523253259
0.915,0.11214583607331077,0.4276158211913669,0.10029229378259973,0.07243917691987274,0.7944734560699558,0.11782675795035767,0.9997165340172989,0.9524962464073922
0.9199999999999999,0.11415995502188502,0.4277276211453698,0.10221609162877882,0.07356117769210858,0.7915575828662096,0.11871040884060198,0.999708709963816,0.9506437138578812
0.925,0.11616624066752589,0.42784608944513297,0.10413251093991832,0.07468181384480634,0.7886700723290216,0.11958929385434597,0.9997007986313081,0.9487633401832192
0.9299999999999999,0.11816440134207365,0.4279710835337321,0.10604126640821439,0.0758008042854062,0.7858107593077512,0.12046335105647947,0.9996928006871547,0.9468559072804195
0.935,0.12015417712752341,0.42810246304640337,0.10794210374178095,0.07691788976498176,0.7829794712559593,0.12133252584401345,0.9996847167946356,0.9449221929330583
0.94,0.12213533673200645,0.4282400897936054,0.10983479659037627,0.07803283117369479,0.7801760288776228,0.12219677044231347,0.9996765476104047,0.9429629703277231
0.9450000000000001,0.1241076747093803,0.42838382774351397,0.11171914381241972,0.07914540798096768,0.7774002467328305,0.12305604343214666,0.9996682937850163,0.9409790075910216
0.95,0.12607100898100296,0.4285335430039844,0.11359496704114994,0.08025541680747232,0.7746519338050623,0.1239103093060177,0.999659955962995,0.938971067347153
